id,first_name,last_name,full_name,height_feet,height_inches,actual_height_ft,position,weight_pounds,team.id,team.abbreviation,team.city,team.conference,team.division,team.full_name,team.name,mpg,fgm,fga,fg_pct,fg3m,fg3a,fg3_pct,ftm,fta,ft_pct,oreb,dreb,reb,ast,blk,stl,pf,turnover,pts,TmMP,TmFGA,TmFTA,TmTOV,usage
3,Steven,Adams,Steven Adams,7,0,7,C,265,15,MEM,Memphis,West,Southwest,Memphis Grizzlies,Grizzlies,26.1,3.11,5.33,0.583,0,0,0,0.78,2.56,0.304,4.67,6.44,11.11,2.56,1.56,0.78,2.44,2.11,7,246.5666667,96.39,25.22,15.32,13.17952587
66,Dillon,Brooks,Dillon Brooks,6,6,6.5,G-F,220,15,MEM,Memphis,West,Southwest,Memphis Grizzlies,Grizzlies,17.76666667,3.89,8.89,0.438,1.89,3.78,0.5,1,1.56,0.643,0.22,1.33,1.56,1.33,0,0.44,2,0.89,10.67,246.5666667,96.39,25.22,15.32,23.65556464
249,Tyus,Jones,Tyus Jones,6,2,6.166666667,G,196,15,MEM,Memphis,West,Southwest,Memphis Grizzlies,Grizzlies,24,4.89,10.67,0.458,1.56,4.44,0.35,0.44,1,0.444,0.33,1.67,2,4.22,0.11,0.67,0.67,1.22,11.78,246.5666667,96.39,25.22,15.32,20.62974119
3198,Ja,Morant,Ja Morant,6,3,6.25,G,174,15,MEM,Memphis,West,Southwest,Memphis Grizzlies,Grizzlies,33.2,10.3,21.5,0.48,2.1,5.2,0.403,6.6,8.5,0.782,1.2,4.9,6.2,6.8,0.3,1.2,1.8,3.9,29.3,246.5666667,96.39,25.22,15.32,35.24466674
3199,Desmond,Bane,Desmond Bane,6,5,6.42,G,215,15,MEM,Memphis,West,Southwest,Memphis Grizzlies,Grizzlies,33.5,8.3,17.8,0.465,3.8,8.5,0.451,4.3,4.8,0.912,0.5,4.4,4.9,4.8,0.3,0.6,2.4,2.3,24.7,246.5666667,96.39,25.22,15.32,26.62470487
3200,John,Konchar,John Konchar,6,5,6.42,G,210,15,MEM,Memphis,West,Southwest,Memphis Grizzlies,Grizzlies,26.6,2.7,5.9,0.458,1.4,3.6,0.392,0.1,0.1,0.5,1.5,4.2,5.7,1.1,0.3,1,1.8,0.5,6.9,246.5666667,96.39,25.22,15.32,9.727827028
3201,Santi,Aldama,Santi Aldama,6,11,6.92,F,215,15,MEM,Memphis,West,Southwest,Memphis Grizzlies,Grizzlies,27.5,3.7,8,0.467,1.2,3.6,0.333,1,1.6,0.625,1.8,4.5,6.3,0.9,1.1,0.9,2.8,0.7,9.7,246.5666667,96.39,25.22,15.32,13.73162299
3202,Brandon,Clarke,Brandon Clarke,6,8,6.67,F,215,15,MEM,Memphis,West,Southwest,Memphis Grizzlies,Grizzlies,19.1,4,6.5,0.619,0.1,0.4,0.167,1.9,2.6,0.744,1.1,3.3,4.5,1.5,1,0.3,2.5,1.3,10,246.5666667,96.39,25.22,15.32,18.80357246
3203,Kennedy,Chandler,Kennedy Chandler,6,0,6,G,171,15,MEM,Memphis,West,Southwest,Memphis Grizzlies,Grizzlies,9.7,1,3.2,0.316,0.2,1,0.167,0.2,0.7,0.25,0.2,0.8,1,2,0.3,0.3,0.5,1,2.3,246.5666667,96.39,25.22,15.32,18.66182522
3204,David,Roddy,David Roddy,6,5,6.42,G,252,15,MEM,Memphis,West,Southwest,Memphis Grizzlies,Grizzlies,17.7,2.1,5.7,0.372,0.8,3.1,0.261,0.5,0.7,0.7,0.8,1.8,2.6,0.7,0.3,0.5,1.5,0.5,5.5,246.5666667,96.39,25.22,15.32,14.76441427
3205,Xavier,Tillman,Xavier Tillman,6,8,6.67,C,245,15,MEM,Memphis,West,Southwest,Memphis Grizzlies,Grizzlies,11.4,1.5,2.9,0.522,0.1,0.5,0.25,0.4,1.1,0.333,1.4,1.5,2.9,0.8,0.3,0,1,0.9,3.5,246.5666667,96.39,25.22,15.32,15.08990673
4,Bam,Adebayo,Bam Adebayo,6,10,6.833333333,C-F,255,16,MIA,Miami,East,Southeast,Miami Heat,Heat,35,7,13.1,0.534,0,0.3,0,3.9,4.5,0.867,2.3,6.1,8.4,3.5,0.9,1.2,3.6,3.6,17.9,246.7,87.1,23.4,13.7,23.70334023
79,Jimmy,Butler,Jimmy Butler,6,8,6.666666667,G-F,232,16,MIA,Miami,East,Southeast,Miami Heat,Heat,28.4,5.4,11.5,0.47,0.9,2.3,0.391,5.5,6.3,0.873,1.7,3.4,5.1,4.4,0.2,1.2,0.9,1.3,17.2,246.7,87.1,23.4,13.7,24.35155942
120,Dewayne,Dedmon,Dewayne Dedmon,7,0,7,C,245,16,MIA,Miami,East,Southeast,Miami Heat,Heat,9,1.4,2.4,0.583,0.4,0.9,0.444,0.8,0.8,1,0.5,2,2.5,0.5,0.1,0,1.7,0.6,4,246.7,87.1,23.4,13.7,16.54101758
203,Udonis,Haslem,Udonis Haslem,6,8,6.666666667,F,235,16,MIA,Miami,East,Southeast,Miami Heat,Heat,1,0.1,0.3,0.333,0,0,0,0.1,0.2,0.5,0,0.2,0.2,0,0.1,0,0.1,0,0.3,246.7,87.1,23.4,13.7,17.23187153
286,Kyle,Lowry,Kyle Lowry,6,1,6.083333333,G,196,16,MIA,Miami,East,Southeast,Miami Heat,Heat,34.9,3.7,9.8,0.378,2.1,6.5,0.323,3.7,4.1,0.902,0.7,3.5,4.2,5.6,0.4,1.5,2.9,1.9,13.2,246.7,87.1,23.4,13.7,17.18453263
397,Duncan,Robinson,Duncan Robinson,6,8,6.666666667,F,210,16,MIA,Miami,East,Southeast,Miami Heat,Heat,15.2,1.9,5.6,0.339,1.4,4.1,0.341,0.4,0.4,1,0.3,2.3,2.6,1.2,0,0,1.8,0.3,5.6,246.7,87.1,23.4,13.7,17.75312864
3092,Haywood,Highsmith,Haywood Highsmith,6,7,6.583333333,F,220,16,MIA,Miami,East,Southeast,Miami Heat,Heat,2.8,0.1,0.6,0.167,0,0.4,0,0,0,0,0,0.4,0.4,0,0,0.3,0.1,0.3,0.2,246.7,87.1,23.4,13.7,14.27529858
3100,Tyler,Herro,Tyler Herro,6,5,6.42,C,195,16,MIA,Miami,East,Southeast,Miami Heat,Heat,31.4,7.2,15.4,0.468,2.4,6.4,0.375,2.8,3.1,0.903,0.6,5.8,6.4,2.6,0.6,0.7,1.6,2.1,19.6,246.7,87.1,23.4,13.7,26.68116953
3101,Caleb,Martin,Caleb Martin,6,5,6.42,F,205,16,MIA,Miami,East,Southeast,Miami Heat,Heat,29.6,3.6,8,0.455,1.1,2.7,0.421,0.6,0.8,0.727,1.9,2.9,4.8,1.9,0.4,1.2,2.1,1,9,246.7,87.1,23.4,13.7,14.031804
3102,Gabe ,Vicent,Gabe  Vicent,6,3,6.25,G,200,16,MIA,Miami,East,Southeast,Miami Heat,Heat,26.3,3.6,8.7,0.415,1.6,4.9,0.324,1.4,1.7,0.84,0.3,2,2.3,3.1,0.1,0.9,2.7,1.5,10.2,246.7,87.1,23.4,13.7,18.48756708
3103,Max,Strus,Max Strus,6,5,6.42,G,215,16,MIA,Miami,East,Southeast,Miami Heat,Heat,33.1,5.4,11.7,0.46,3,7.9,0.378,1.3,1.5,0.864,0.7,3.1,3.8,1.8,0.4,0.9,2.4,1.1,15.1,246.7,87.1,23.4,13.7,18.06000178
8,Grayson,Allen,Grayson Allen,6,5,6.416666667,G,198,17,MIL,Milwaukee,East,Central,Milwaukee Bucks,Bucks,26,3,7.44,0.403,2,4.89,0.409,2,2.22,0.9,0.78,2.33,3.11,2.33,0.11,1,1.22,1.44,10,233.6333333,88.68,24.26,12.79,15.7960975
15,Giannis,Antetokounmpo,Giannis Antetokounmpo,6,11,6.916666667,F,242,17,MIL,Milwaukee,East,Central,Milwaukee Bucks,Bucks,29.66666667,10.44,18.89,0.553,0.89,3.22,0.276,7.22,11.44,0.631,1.78,9.56,11.33,5.11,1.33,0.89,2.56,2.78,29,233.6333333,88.68,24.26,12.79,37.50492241
87,Jevon,Carter,Jevon Carter,6,2,6.166666667,G,196,17,MIL,Milwaukee,East,Central,Milwaukee Bucks,Bucks,23.88333333,2,5.56,0.36,1.33,3.89,0.343,0.33,0.33,1,0.67,1.56,2.22,1.56,0.56,1.67,2.89,1.11,5.67,233.6333333,88.68,24.26,12.79,11.88969939
211,George,Hill,George Hill,6,3,6.25,G,188,17,MIL,Milwaukee,East,Central,Milwaukee Bucks,Bucks,21.21666667,1.67,3.78,0.441,0.56,2,0.278,1.33,2,0.667,0.33,1.56,1.89,2.44,0,0.22,1.78,0.67,5.22,233.6333333,88.68,24.26,12.79,10.46736251
214,Jrue,Holiday,Jrue Holiday,6,4,6.333333333,G,205,17,MIL,Milwaukee,East,Central,Milwaukee Bucks,Bucks,33.76666667,7.44,17.11,0.435,2.44,6.78,0.361,2.67,3.11,0.857,1.33,4.33,5.67,8,0.67,1.44,1.67,2.33,20,233.6333333,88.68,24.26,12.79,25.67661128
223,Serge,Ibaka,Serge Ibaka,6,10,6.833333333,F-C,235,17,MIL,Milwaukee,East,Central,Milwaukee Bucks,Bucks,8.433333333,0.89,2,0.444,0.33,0.78,0.429,0.56,0.67,0.833,0.44,1.56,2,0.22,0.56,0,1.22,0.67,2.67,233.6333333,88.68,24.26,12.79,14.6481691
283,Brook,Lopez,Brook Lopez,7,0,7,C,270,17,MIL,Milwaukee,East,Central,Milwaukee Bucks,Bucks,30.33333333,5.78,11.56,0.5,2.33,6.33,0.368,1.11,1.33,0.833,2.22,4.33,6.56,1,2.56,0.67,2.78,1.44,15,233.6333333,88.68,24.26,12.79,18.66092245
301,Wesley,Matthews,Wesley Matthews,6,4,6.33,G-F,220,17,MIL,Milwaukee,East,Central,Milwaukee Bucks,Bucks,14.88333333,1.11,3.44,0.323,0.89,2.78,0.32,0.33,0.44,0.75,1.33,1.22,2.56,0.67,0.22,0.67,1.67,0.56,3.44,233.6333333,88.68,24.26,12.79,11.74015969
377,Bobby,Portis,Bobby Portis,6,11,6.916666667,F,250,17,MIL,Milwaukee,East,Central,Milwaukee Bucks,Bucks,25.66666667,5.56,12,0.463,1.33,4,0.333,0.89,1.22,0.727,2.89,8.33,11.22,2,0.33,0.33,1.33,0.89,13.33,233.6333333,88.68,24.26,12.79,21.7966755
2148,Thanasis,Antetokounmpo,Thanasis Antetokounmpo,6,6,6.5,F,219,17,MIL,Milwaukee,East,Central,Milwaukee Bucks,Bucks,0.883333333,0,0,0,0,0,0,0,0,0,0,0.22,0.22,0,0.11,0,0.11,0,0,233.6333333,88.68,24.26,12.79,0
3135,Jordan,Nwora,Jordan Nwora,6,8,6.67,F,225,17,MIL,Milwaukee,East,Central,Milwaukee Bucks,Bucks,18.9,2.3,6.9,0.333,1.3,3.7,0.346,1.4,1.5,0.905,0.8,3.3,4.1,1,0.1,0.4,1.1,0.9,7.2,233.6333333,88.68,24.26,12.79,18.65072713
9,Jarrett,Allen,Jarrett Allen,6,11,6.916666667,C,237,6,CLE,Cleveland,East,Central,Cleveland Cavaliers,Cavaliers,33,5.88,10.25,0.573,0,0.25,0,1.88,2.63,0.714,4,7.38,11.38,1.13,1.25,0.13,2.13,1.63,13.63,271.35,100.57,27.47,16.42,16.61047376
277,Caris,LeVert,Caris LeVert,6,7,6.583333333,G,204,6,CLE,Cleveland,East,Central,Cleveland Cavaliers,Cavaliers,35.61666667,4.38,12.13,0.361,2.5,5.5,0.455,3.25,4.13,0.788,0.75,3.63,4.38,6.25,0.13,0.88,3,2.25,14.5,271.35,100.57,27.47,16.42,19.1204586
284,Robin,Lopez,Robin Lopez,7,0,7,C,275,6,CLE,Cleveland,East,Central,Cleveland Cavaliers,Cavaliers,6.25,1.38,1.75,0.786,0,0,0,0,0.13,0,0.75,0.5,1.25,0.13,0.38,0,0.5,0.5,2.75,271.35,100.57,27.47,16.42,15.52089844
285,Kevin,Love,Kevin Love,6,10,6.833333333,F-C,251,6,CLE,Cleveland,East,Central,Cleveland Cavaliers,Cavaliers,19.75,4,8.63,0.464,2.63,6,0.438,1.75,2.13,0.824,0.88,6.5,7.38,2.63,0.13,0,1.13,0.88,12.38,271.35,100.57,27.47,16.42,22.24049456
322,Donovan,Mitchell,Donovan Mitchell,6,3,6.25,G,215,6,CLE,Cleveland,East,Central,Cleveland Cavaliers,Cavaliers,34.61666667,9.63,20.13,0.478,3.5,8,0.438,4.5,5.25,0.857,0.88,3,3.88,6.25,0.63,1.38,2.88,3.13,27.25,271.35,100.57,27.47,16.42,31.05682918
343,Raul,Neto,Raul Neto,6,1,6.083333333,G,179,6,CLE,Cleveland,East,Central,Cleveland Cavaliers,Cavaliers,10.61666667,1.25,3,0.417,0.38,1.13,0.333,0.75,0.75,1,0.25,1.25,1.5,1.63,0,0.5,0.75,0.5,3.63,271.35,100.57,27.47,16.42,15.16778708
359,Cedi,Osman,Cedi Osman,6,8,6.666666667,F,215,6,CLE,Cleveland,East,Central,Cleveland Cavaliers,Cavaliers,24,3.63,8.38,0.433,1.88,4.88,0.385,1.38,1.75,0.786,0.38,2.38,2.75,2.25,0.13,0.13,2.63,1.13,10.5,271.35,100.57,27.47,16.42,18.00916199
3116,Darius,Garland,Darius Garland,6,1,6.08,G,192,6,CLE,Cleveland,East,Central,Cleveland Cavaliers,Cavaliers,34.6,7,17.8,0.394,3.4,7.9,0.429,4,5.1,0.78,0.5,2,2.5,8,0.3,1.4,2.4,2.9,21.4,271.35,100.57,27.47,16.42,27.88076377
3117,Evan,Mobley,Evan Mobley,6,11,6.92,F,215,6,CLE,Cleveland,East,Central,Cleveland Cavaliers,Cavaliers,33.7,6.2,11.1,0.561,0.1,0.8,0.182,2.6,3.7,0.692,2.4,5.1,7.5,2.1,1.4,0.9,3.1,2.2,15.1,271.35,100.57,27.47,16.42,18.62444574
3118,Dean,Wade,Dean Wade,6,9,6.75,F,228,6,CLE,Cleveland,East,Central,Cleveland Cavaliers,Cavaliers,22.8,2.5,4.6,0.529,1.6,3.3,0.5,0.7,1,0.727,0.5,2.8,3.3,1,0.4,0.5,2.5,0.4,7.3,271.35,100.57,27.47,16.42,10.03172652
3119,Isaac,Okoro,Isaac Okoro,6,5,6.42,F,225,6,CLE,Cleveland,East,Central,Cleveland Cavaliers,Cavaliers,16.4,1,2.8,0.359,0.1,1,0.071,0.6,0.9,0.75,0.4,1,1.4,0.4,0.1,0.6,2.1,0.9,2.7,271.35,100.57,27.47,16.42,10.50092923
12,Kyle,Anderson,Kyle Anderson,6,9,6.75,F,230,18,MIN,Minnesota,West,Northwest,Minnesota Timberwolves,Timberwolves,10.2,0.8,1.3,0.615,0.2,0.4,0.5,0.9,1.1,0.818,0.4,1.3,1.7,1.4,0.2,0.4,0.8,0.4,2.7,243.4,90,23.1,15.6,9.00387604
159,Bryn,Forbes,Bryn Forbes,6,3,6.25,G,190,18,MIN,Minnesota,West,Northwest,Minnesota Timberwolves,Timberwolves,6,0.4,1.8,0.222,0.1,0.8,0.125,0.4,0.4,1,0.3,0.2,0.5,0.4,0,0.3,0.4,0.2,1.3,243.4,90,23.1,15.6,15.25052118
176,Rudy,Gobert,Rudy Gobert,7,1,7.083333333,C,245,18,MIN,Minnesota,West,Northwest,Minnesota Timberwolves,Timberwolves,29.1,4.3,7.3,0.589,0,0.2,0,2.7,4.3,0.628,4.2,8.3,12.5,1,1.4,0.6,2.3,1.2,11.3,243.4,90,23.1,15.6,15.01700046
383,Taurean,Prince,Taurean Prince,6,8,6.666666667,F,220,18,MIN,Minnesota,West,Northwest,Minnesota Timberwolves,Timberwolves,19.3,3.2,5.9,0.542,1.7,3.7,0.459,0.6,0.7,0.857,0.5,2.5,3,1.2,0.2,0.4,2.5,1,8.7,243.4,90,23.1,15.6,15.70487608
393,Austin,Rivers,Austin Rivers,6,4,6.333333333,G,200,18,MIN,Minnesota,West,Northwest,Minnesota Timberwolves,Timberwolves,2.9,0,0.4,0,0,0.1,0,0,0,0,0,0.2,0.2,0.1,0,0,0,0,0,243.4,90,23.1,15.6,5.800147506
405,D'Angelo,Russell,D'Angelo Russell,6,5,6.416666667,G,198,18,MIN,Minnesota,West,Northwest,Minnesota Timberwolves,Timberwolves,29.6,4.9,12.8,0.383,1.5,5.4,0.278,2.1,2.8,0.75,1.1,3.2,4.3,5.4,0.6,1.4,2,3,13.4,243.4,90,23.1,15.6,24.19641265
447,Karl-Anthony,Towns,Karl-Anthony Towns,7,0,7,C,248,18,MIN,Minnesota,West,Northwest,Minnesota Timberwolves,Timberwolves,35,7.9,16.2,0.488,2.3,6.3,0.365,3.9,4.4,0.886,2.1,6.5,8.6,5.5,0.6,0.6,3.8,3.2,22,243.4,90,23.1,15.6,25.63433192
3153,Anthony,Edwards,Anthony Edwards,6,4,6.33,G,225,18,MIN,Minnesota,West,Northwest,Minnesota Timberwolves,Timberwolves,36.2,8.2,17.5,0.468,2.7,7.3,0.364,2.8,4.3,0.656,0.5,5.3,5.8,3.9,0.3,1.1,3,2.9,21.9,243.4,90,23.1,15.6,25.89509501
3154,Jaden,McDaniels,Jaden McDaniels,6,9,6.75,F,185,18,MIN,Minnesota,West,Northwest,Minnesota Timberwolves,Timberwolves,29.9,4.3,8.1,0.537,0.9,2.7,0.341,1.5,2.1,0.742,1.6,2.1,3.7,1.2,1.3,1.2,3.8,1.5,11.1,243.4,90,23.1,15.6,14.80085132
3155,Jordan,McLaughlin,Jordan McLaughlin,5,11,5.92,G,185,18,MIN,Minnesota,West,Northwest,Minnesota Timberwolves,Timberwolves,15.8,1.5,3.5,0.413,0.2,1.7,0.136,0.5,0.5,1,0.3,1.5,1.8,3.8,0.1,0.8,0.5,0.6,3.6,243.4,90,23.1,15.6,11.49750759
3156,Jaylen,Nowell,Jaylen Nowell,6,4,6.33,G,201,18,MIN,Minnesota,West,Northwest,Minnesota Timberwolves,Timberwolves,17.4,4,9.9,0.403,1.1,3.9,0.293,1,1.3,0.789,0.5,2.1,2.7,2.1,0.1,0.5,1.4,0.9,10.1,243.4,90,23.1,15.6,27.48303227
3157,Naz,Reid,Naz Reid,6,9,6.75,C,264,18,MIN,Minnesota,West,Northwest,Minnesota Timberwolves,Timberwolves,12,3.1,5.3,0.585,0.6,2,0.3,0.8,1.2,0.667,0.6,1.9,2.5,0.4,0.7,0.4,1.7,0.7,7.6,243.4,90,23.1,15.6,22.87578176
60,Tony,Bradley,Tony Bradley,6,10,6.833333333,C,248,5,CHI,Chicago,East,Central,Chicago Bulls,Bulls,0.6,0,0.1,0,0,0.1,0,0,0,0,0.1,0.2,0.3,0,0,0,0,0,0,247.7,89.9,26,14.5,7.12764733
89,Alex,Caruso,Alex Caruso,6,5,6.416666667,G,186,5,CHI,Chicago,East,Central,Chicago Bulls,Bulls,24.9,1.6,4.1,0.39,0.9,2.4,0.375,1.2,1.6,0.75,0.5,2.1,2.6,3.4,0.8,1.3,2,1.8,5.3,247.7,89.9,26,14.5,11.34240553
125,DeMar,DeRozan,DeMar DeRozan,6,7,6.583333333,G,220,5,CHI,Chicago,East,Central,Chicago Bulls,Bulls,33.8,8.5,17.2,0.494,0.4,1.5,0.267,8.2,9.1,0.901,0.4,3.5,3.9,4.3,0.4,1.3,2.2,2.2,25.6,247.7,89.9,26,14.5,29.6122115
136,Goran,Dragic,Goran Dragic,6,3,6.25,G,190,5,CHI,Chicago,East,Central,Chicago Bulls,Bulls,17.4,3.2,7.6,0.421,1.6,3.2,0.5,1,1.4,0.714,0.2,1.4,1.6,3.4,0.2,0.2,1.3,1.1,9,247.7,89.9,26,14.5,22.89695259
137,Andre,Drummond,Andre Drummond,6,11,6.916666667,C,279,5,CHI,Chicago,East,Central,Chicago Bulls,Bulls,10,2.3,4.3,0.535,0,0.2,0,0.8,1.2,0.667,2.2,3.9,6.1,0.5,0.3,0.6,1.7,1.1,5.4,247.7,89.9,26,14.5,25.35161602
247,Derrick,Jones Jr.,Derrick Jones Jr.,6,7,6.583333333,F-G,200,5,CHI,Chicago,East,Central,Chicago Bulls,Bulls,11.7,1,2.7,0.37,0.3,0.7,0.429,2.1,2.3,0.913,1.1,1.2,2.3,0.6,0.5,0.4,0.9,0.2,4.4,247.7,89.9,26,14.5,14.2991571
268,Zach,LaVine,Zach LaVine,6,5,6.416666667,G,200,5,CHI,Chicago,East,Central,Chicago Bulls,Bulls,23.4,4.8,11.4,0.421,2.2,5.2,0.423,2.7,3.2,0.844,0.2,2.6,2.8,2.8,0.1,0.8,1.3,1.3,14.5,247.7,89.9,26,14.5,25.78380731
460,Nikola,Vucevic,Nikola Vucevic,7,0,7,C,260,5,CHI,Chicago,East,Central,Chicago Bulls,Bulls,31.6,5.9,13.3,0.444,1.8,4.5,0.4,2.8,3,0.933,3.3,9,12.3,2.8,0.8,0.3,2.6,2,16.4,247.7,89.9,26,14.5,22.49268961
3112,Ayo,Dosunmu,Ayo Dosunmu,6,4,6.33,G,200,5,CHI,Chicago,East,Central,Chicago Bulls,Bulls,30.1,4.5,9.3,0.485,1.3,3.9,0.333,0.9,0.9,0.923,0.5,3.3,3.8,3.1,0.3,0.9,2.4,1.7,11.1,247.7,89.9,26,14.5,16.19136259
3113,Patrick ,Williams,Patrick  Williams,6,7,6.58,F,215,5,CHI,Chicago,East,Central,Chicago Bulls,Bulls,25,3.5,7.6,0.465,1.1,2.8,0.381,0.9,0.9,0.929,1.1,2.6,3.7,0.8,1.1,0.7,1.9,1.5,9,247.7,89.9,26,14.5,16.24419337
3114,Javonte,Green,Javonte Green,6,5,6.42,F,205,5,CHI,Chicago,East,Central,Chicago Bulls,Bulls,17.3,2.2,4.4,0.5,0.5,1.5,0.348,0.9,1.1,0.765,1.2,2.1,3.3,0.9,0.7,1.1,2.1,0.7,5.8,247.7,89.9,26,14.5,13.80373966
3115,Coby,White,Coby White,6,4,6.33,G,195,5,CHI,Chicago,East,Central,Chicago Bulls,Bulls,21.9,3,7.9,0.382,1.4,4.9,0.294,0.7,1.3,0.556,0.1,1.6,1.7,1.7,0,0.7,2,0.9,8.1,247.7,89.9,26,14.5,18.30145501
18,OG,Anunoby,OG Anunoby,6,8,6.666666667,F,232,28,TOR,Toronto,East,Atlantic,Toronto Raptors,Raptors,34.43333333,5.67,12,0.472,2,4.89,0.409,2.22,2.67,0.833,1.11,5.22,6.33,1.78,0.89,3.11,3.67,2.11,15.56,234.85,92.51,24.57,12.24,18.04225074
46,Khem,Birch,Khem Birch,6,9,6.75,C,233,28,TOR,Toronto,East,Atlantic,Toronto Raptors,Raptors,3.666666667,0.33,0.56,0.6,0.11,0.11,1,0.22,0.22,1,0.33,0.22,0.56,0.11,0.11,0.33,0.89,0.11,1,234.85,92.51,24.57,12.24,8.500034614
58,Chris,Boucher,Chris Boucher,6,10,6.833333333,F,200,28,TOR,Toronto,East,Atlantic,Toronto Raptors,Raptors,14.1,3.22,5.44,0.592,1.22,2.44,0.5,0.78,1.22,0.636,1.11,2.11,3.22,0.56,0.67,0.56,2.22,0.44,8.44,234.85,92.51,24.57,12.24,18.49734561
206,Juancho,Hernangomez,Juancho Hernangomez,6,9,6.75,F,230,28,TOR,Toronto,East,Atlantic,Toronto Raptors,Raptors,2.55,0,0.22,0,0,0.22,0,0,0,0,0,0.22,0.22,0.22,0.11,0.11,0.22,0.11,0,234.85,92.51,24.57,12.24,5.25997621
376,Otto,Porter Jr.,Otto Porter Jr.,6,8,6.666666667,F,198,28,TOR,Toronto,East,Atlantic,Toronto Raptors,Raptors,3.433333333,0.33,0.56,0.6,0.33,0.56,0.6,0.22,0.22,1,0,0.33,0.33,0,0,0.44,0.11,0,1.22,234.85,92.51,24.57,12.24,7.775479749
416,Pascal,Siakam,Pascal Siakam,6,9,6.75,F,230,28,TOR,Toronto,East,Atlantic,Toronto Raptors,Raptors,35.66666667,8.89,18.56,0.479,1.44,4.22,0.342,5.56,7.67,0.725,1.78,7.56,9.33,7.67,0.56,0.89,3.11,2.67,24.78,234.85,92.51,24.57,12.24,28.03931094
458,Fred,VanVleet,Fred VanVleet,6,0,6,G,195,28,TOR,Toronto,East,Atlantic,Toronto Raptors,Raptors,25.33333333,2.67,7.56,0.353,1.56,4.11,0.378,2,2.33,0.857,0.67,2,2.67,5.11,0.44,1.67,1.78,0.78,8.89,234.85,92.51,24.57,12.24,15.02570089
489,Thaddeus,Young,Thaddeus Young,6,8,6.666666667,F,221,28,TOR,Toronto,East,Atlantic,Toronto Raptors,Raptors,5,0.67,1.44,0.462,0.11,0.56,0.2,0.11,0.22,0.5,0.22,0.56,0.78,0.33,0,0.56,0.67,0.22,1.56,234.85,92.51,24.57,12.24,14.28112232
3089,Gary,Trent Jr.,Gary Trent Jr.,6,6,6.5,G,205,28,TOR,Toronto,East,Atlantic,Toronto Raptors,Raptors,35.76666667,6.78,15.67,0.433,3,8.33,0.36,2.56,3.22,0.793,0.89,1,1.89,1.22,0.22,1.33,1.11,1,19.11,234.85,92.51,24.57,12.24,20.55385505
3148,Scottie,Barnes,Scottie Barnes,6,7,6.58,F,225,28,TOR,Toronto,East,Atlantic,Toronto Raptors,Raptors,32.7,5.7,12.7,0.447,1.2,3.6,0.333,1.2,1.7,0.72,1.9,4.6,6.5,4.9,0.7,0.9,1.5,2.2,13.7,234.85,92.51,24.57,12.24,19.45006716
3149,Malachi,Flynn,Malachi Flynn,6,1,6.08,G,175,28,TOR,Toronto,East,Atlantic,Toronto Raptors,Raptors,10.6,2,4.6,0.439,1.2,2.6,0.478,1.1,1.2,0.909,0.1,1.1,1.2,1,0.1,0.3,1.4,0.6,6.3,234.85,92.51,24.57,12.24,21.96378402
3150,Dalano,Banton,Dalano Banton,6,7,6.58,G,204,28,TOR,Toronto,East,Atlantic,Toronto Raptors,Raptors,11.2,2.3,5.5,0.427,0.8,2.5,0.324,0.9,1.1,0.875,0.5,0.9,1.4,1.1,0.7,0.6,1.1,0.7,6.4,234.85,92.51,24.57,12.24,24.25651692
3151,Precious,Achiuwa,Precious Achiuwa,6,8,6.67,F,225,28,TOR,Toronto,East,Atlantic,Toronto Raptors,Raptors,20.4,3,7.7,0.391,0.4,2.3,0.179,2.3,2.8,0.848,2,5,7,1.3,0.6,0.2,1.6,1.3,8.8,234.85,92.51,24.57,12.24,20.38639264
19,Ryan,Arcidiacono,Ryan Arcidiacono,6,3,6.25,G,200,20,NYK,New York,East,Atlantic,New York Knicks,Knicks,0.216666667,0,0,0,0,0,0,0,0,0,0,0,0,0,0,0,0.11,0,0,253.4666667,95.53,23.71,13.84,0
73,Jalen,Brunson,Jalen Brunson,6,3,6.25,G,190,20,NYK,New York,East,Atlantic,New York Knicks,Knicks,33.88333333,7.44,15.11,0.493,1.11,3.78,0.294,3.33,4.22,0.789,0.33,3.56,3.89,7.22,0.22,0.89,2.56,1.56,19.33,253.4666667,95.53,23.71,13.84,23.13660413
160,Evan,Fournier,Evan Fournier,6,7,6.583333333,G-F,205,20,NYK,New York,East,Atlantic,New York Knicks,Knicks,21.76666667,3.11,7.78,0.4,1.89,4.89,0.386,0.67,0.78,0.857,0.11,2.33,2.44,1.56,0.22,0.67,2.56,1.11,8.78,253.4666667,95.53,23.71,13.84,17.94922275
201,Isaiah,Hartenstein,Isaiah Hartenstein,7,0,7,F-C,249,20,NYK,New York,East,Atlantic,New York Knicks,Knicks,25.88333333,3.78,6.78,0.557,0.22,1.22,0.182,0.67,0.89,0.75,3.67,5,8.67,1,1.56,0.89,2.67,0.89,8.44,253.4666667,95.53,23.71,13.84,13.17911874
338,Svi,Mykhailiuk,Svi Mykhailiuk,6,8,6.666666667,G,205,20,NYK,New York,East,Atlantic,New York Knicks,Knicks,0.216666667,0.11,0.11,1,0.11,0.11,1,0,0,0,0,0.22,0.22,0,0,0,0,0,0.33,253.4666667,95.53,23.71,13.84,21.48255409
387,Julius,Randle,Julius Randle,6,9,6.75,F,250,20,NYK,New York,East,Atlantic,New York Knicks,Knicks,34,6.56,14.78,0.444,1.11,4.56,0.244,4.67,6.33,0.737,2.56,6.56,9.11,3.33,0.33,0.89,3.67,2.89,18.89,253.4666667,95.53,23.71,13.84,25.45717124
399,Mitchell,Robinson,Mitchell Robinson,7,1,7.083333333,C,240,20,NYK,New York,East,Atlantic,New York Knicks,Knicks,19.33333333,2.56,3.67,0.697,0,0,0,0.67,1.56,0.429,3.11,2.56,5.67,0.89,2,0.33,3.22,0.56,5.78,253.4666667,95.53,23.71,13.84,10.76033524
401,Derrick,Rose,Derrick Rose,6,3,6.25,G,200,20,NYK,New York,East,Atlantic,New York Knicks,Knicks,12.76666667,2.78,6,0.463,1.22,2.56,0.478,0.33,0.33,1,0.33,1.67,2,2.11,0.22,0.22,0.67,1.33,7.11,253.4666667,95.53,23.71,13.84,24.77596782
3140,Cam,Reddish,Cam Reddish,6,8,6.67,F,217,20,NYK,New York,East,Atlantic,New York Knicks,Knicks,23.2,3.4,7.4,0.459,1,3,0.333,1.3,1.5,0.87,0.3,1.5,1.9,1,0.5,0.8,1.7,0.7,9.1,253.4666667,95.53,23.71,13.84,15.97722871
3141,RJ,Barrett,RJ Barrett,6,6,6.5,G,214,20,NYK,New York,East,Atlantic,New York Knicks,Knicks,34,6.5,16.3,0.402,1.5,5.7,0.256,3.8,5.1,0.74,0.9,4.2,5.1,2.9,0.1,0.5,2.2,2.1,18.3,253.4666667,95.53,23.71,13.84,25.69213907
3142,Immanuel,Quickley,Immanuel Quickley,6,3,6.25,G,190,20,NYK,New York,East,Atlantic,New York Knicks,Knicks,22.1,3.1,8.1,0.38,1.1,3.9,0.293,1.6,2,0.8,0.5,4.3,4.8,3.3,0.1,1.3,1.9,1.3,8.9,253.4666667,95.53,23.71,13.84,19.68276792
3143,Quentin ,Grimes,Quentin  Grimes,6,4,6.33,G,210,20,NYK,New York,East,Atlantic,New York Knicks,Knicks,8,0.6,1.8,0.333,0.4,1.6,0.25,0.4,0.4,1,0.2,0.4,0.6,0.4,0.2,0,1.2,0.4,2,253.4666667,95.53,23.71,13.84,12.56729414
3144,Obi ,Toppin,Obi  Toppin,6,9,6.75,F,220,20,NYK,New York,East,Atlantic,New York Knicks,Knicks,18.1,3.7,7.7,0.483,1.7,4.3,0.406,0.6,0.6,1,0.8,3.2,4,1.2,0.2,0.5,0.9,1,9.8,253.4666667,95.53,23.71,13.84,20.95601033
22,Deandre,Ayton,Deandre Ayton,7,1,7.083333333,C,250,24,PHX,Phoenix,West,Pacific,Phoenix Suns,Suns,19.55,5.22,9.11,0.573,0.33,0.67,0.5,1.22,1.67,0.733,1.78,4.33,6.11,1.33,0.44,0.33,3,2,12,217.2666667,76.91,21.79,12.34,26.63678935
48,Bismack,Biyombo,Bismack Biyombo,6,9,6.75,C,255,24,PHX,Phoenix,West,Pacific,Phoenix Suns,Suns,11.21666667,1.33,2.33,0.571,0,0,0,0.56,0.89,0.625,0.67,2.56,3.22,0.44,1.78,0,1.67,0.67,3.22,217.2666667,76.91,21.79,12.34,13.29357281
57,Devin,Booker,Devin Booker,6,6,6.5,G,210,24,PHX,Phoenix,West,Pacific,Phoenix Suns,Suns,35.55,9.67,20,0.483,2.22,6.33,0.351,5.44,6.22,0.875,0.67,3.22,3.89,5.11,0.56,0.89,2.33,2.67,27,217.2666667,76.91,21.79,12.34,31.42036817
61,Mikal,Bridges,Mikal Bridges,6,7,6.583333333,F,210,24,PHX,Phoenix,West,Pacific,Phoenix Suns,Suns,35,5.56,9.22,0.602,1.11,2.22,0.5,2.67,3.11,0.857,1.33,3.56,4.89,2.89,1.11,0.89,2.33,1.22,14.89,217.2666667,76.91,21.79,12.34,14.83282653
110,Torrey,Craig,Torrey Craig,6,7,6.583333333,F,215,24,PHX,Phoenix,West,Pacific,Phoenix Suns,Suns,16.33333333,2.22,4,0.556,1,2.44,0.409,0.22,0.44,0.5,1.44,2.56,4,1.44,0.44,0.33,1.78,0.44,5.67,217.2666667,76.91,21.79,12.34,12.47224464
272,Damion,Lee,Damion Lee,6,6,6.5,G,210,24,PHX,Phoenix,West,Pacific,Phoenix Suns,Suns,18.1,1.89,4.78,0.395,1.33,2.89,0.462,1.11,1.33,0.833,0.56,1.89,2.44,1,0,0.44,1.44,0.33,6.22,217.2666667,76.91,21.79,12.34,13.83347568
356,Josh,Okogie,Josh Okogie,6,4,6.333333333,G,212,24,PHX,Phoenix,West,Pacific,Phoenix Suns,Suns,5,0.44,1.11,0.4,0,0.44,0,0.44,0.67,0.667,0.33,1,1.33,0,0.11,0.33,0.67,0.44,1.33,217.2666667,76.91,21.79,12.34,16.22109589
367,Chris,Paul,Chris Paul,6,0,6,G,175,24,PHX,Phoenix,West,Pacific,Phoenix Suns,Suns,32,3,8.33,0.36,1,3.67,0.273,3.33,3.78,0.882,0.56,4.22,4.78,10.22,0.22,1.67,2.44,1.44,10.33,217.2666667,76.91,21.79,12.34,15.70792172
368,Cameron,Payne,Cameron Payne,6,1,6.08,G,183,24,PHX,Phoenix,West,Pacific,Phoenix Suns,Suns,12.55,2.67,6.33,0.421,1,2.56,0.391,0.56,0.67,0.833,0.22,1.33,1.56,2.22,0.11,0.89,0.78,1.44,6.89,217.2666667,76.91,21.79,12.34,28.25210306
407,Dario,Saric,Dario Saric,6,10,6.833333333,F,223,24,PHX,Phoenix,West,Pacific,Phoenix Suns,Suns,4.1,0.56,1.67,0.333,0.22,0.67,0.333,0,0.11,0,0.67,0.89,1.56,0.33,0,0.33,0.56,0.33,1.33,217.2666667,76.91,21.79,12.34,21.96503079
414,Landry,Shamet,Landry Shamet,6,5,6.416666667,G,188,24,PHX,Phoenix,West,Pacific,Phoenix Suns,Suns,12.76666667,1.67,4.33,0.385,1.11,3,0.37,0.78,1,0.778,0.22,0.44,0.67,1,0.11,0.56,1,0.56,5.22,217.2666667,76.91,21.79,12.34,18.35483969
3183,Jock,Landale,Jock Landale,6,11,6.92,C,255,24,PHX,Phoenix,West,Pacific,Phoenix Suns,Suns,15.1,2.9,5.7,0.5,0.2,1.8,0.12,1.4,1.9,0.769,1.7,2.6,4.4,0.8,0.9,0.4,2.6,0.8,7.4,217.2666667,76.91,21.79,12.34,21.35911634
54,Bojan,Bogdanovic,Bojan Bogdanovic,6,8,6.666666667,F,216,9,DET,Detroit,East,Central,Detroit Pistons,Pistons,31.2,6.6,13.2,0.5,3.4,7,0.486,3.6,3.8,0.947,0.6,2.7,3.3,1.9,0,0.5,2.2,1.8,20.2,255.1,92.7,27.8,15.1,22.71310557
128,Hamidou,Diallo,Hamidou Diallo,6,5,6.416666667,G,198,9,DET,Detroit,East,Central,Detroit Pistons,Pistons,13.1,1.7,4.6,0.37,0,0.4,0,1.2,2,0.6,0.9,1.9,2.8,0.8,0.1,0.5,2.1,0.5,4.6,255.1,92.7,27.8,15.1,19.40319732
251,Cory,Joseph,Cory Joseph,6,3,6.25,G,193,9,DET,Detroit,East,Central,Detroit Pistons,Pistons,12.6,1,2.6,0.385,0.6,1.4,0.429,0.5,0.6,0.833,0.2,0.9,1.1,2.4,0.1,0.2,1.3,0.5,3.1,255.1,92.7,27.8,15.1,11.34824893
259,Kevin,Knox,Kevin Knox,6,9,6.75,F,215,9,DET,Detroit,East,Central,Detroit Pistons,Pistons,5.8,0.6,2.3,0.261,0.2,1.5,0.133,0,0,0,0.2,0.6,0.8,0.1,0.1,0.1,0.9,0.3,1.4,255.1,92.7,27.8,15.1,19.05411431
307,Rodney,McGruder,Rodney McGruder,6,4,6.333333333,F-G,200,9,DET,Detroit,East,Central,Detroit Pistons,Pistons,1.6,0.1,0.6,0.167,0.1,0.4,0.25,0,0,0,0.1,0.2,0.3,0.1,0,0,0.1,0,0.3,255.1,92.7,27.8,15.1,15.93949947
345,Nerlens,Noel,Nerlens Noel,6,11,6.916666667,F-C,220,9,DET,Detroit,East,Central,Detroit Pistons,Pistons,5.1,0.3,1,0.3,0,0,0,0.2,0.2,1,0.2,1.1,1.3,0.3,0.1,0.2,0.5,0.3,0.8,255.1,92.7,27.8,15.1,11.56811778
3120,Cade,Cunningham,Cade Cunningham,6,6,6.5,G,220,9,DET,Detroit,East,Central,Detroit Pistons,Pistons,33.3,7.8,18.7,0.415,1.4,5.1,0.279,3,3.6,0.837,1,5.2,6.2,6,0.6,0.8,2.8,3.3,19.9,255.1,92.7,27.8,15.1,30.10347591
3121,Jaden,Ivey,Jaden Ivey,6,4,6.33,G,200,9,DET,Detroit,East,Central,Detroit Pistons,Pistons,32,5.9,13.5,0.433,1.5,4.6,0.319,3.1,4.2,0.73,1.3,3.7,4.9,4.1,0.3,1.3,3.1,2.7,16.3,255.1,92.7,27.8,15.1,23.9730072
3122,Isaiah,Stewart,Isaiah Stewart,6,9,6.75,C,250,9,DET,Detroit,East,Central,Detroit Pistons,Pistons,27,3.8,8,0.475,1.2,3.6,0.333,3.2,4.3,0.738,2.9,6.5,9.3,1.3,0.7,0.5,3,1.1,12,255.1,92.7,27.8,15.1,17.3043929
3123,Killian,Hayes,Killian Hayes,6,5,6.42,G,216,9,DET,Detroit,East,Central,Detroit Pistons,Pistons,21.2,2.1,7,0.295,0.5,2.2,0.229,0.7,0.9,0.786,0.5,2.1,2.6,3.3,0.4,1.1,2.4,1.6,5.3,255.1,92.7,27.8,15.1,18.0366965
3124,Saddiq,Bey,Saddiq Bey,6,8,6.67,F,215,9,DET,Detroit,East,Central,Detroit Pistons,Pistons,31.6,4.8,11.5,0.413,1.7,5.7,0.297,4.2,4.6,0.918,1.2,3.7,4.9,1.6,0.2,0.9,1.8,1.4,15.4,255.1,92.7,27.8,15.1,20.07435359
3125,Isaiah,Livers,Isaiah Livers,6,7,6.58,F,230,9,DET,Detroit,East,Central,Detroit Pistons,Pistons,19.1,1.8,4.9,0.362,1.4,3.9,0.345,0.9,1.2,0.765,0.7,1.9,2.6,0.6,0.4,0.4,1.9,0.5,5.9,255.1,92.7,27.8,15.1,13.19223076
3126,Jalen,Duren,Jalen Duren,6,10,6.83,C,250,9,DET,Detroit,East,Central,Detroit Pistons,Pistons,21.5,2.7,4.8,0.556,0,0.1,0,0.9,2.4,0.387,2.9,4.5,7.4,0.3,1.2,0.3,2.1,1.1,6.3,255.1,92.7,27.8,15.1,13.75195762
28,Mo,Bamba,Mo Bamba,7,0,7,C,221,22,ORL,Orlando,East,Southeast,Orlando Magic,Magic,11.3,1.6,3.8,0.421,0.5,1.9,0.263,0.3,0.5,0.6,0.5,2.4,2.9,0.6,0.5,0.1,1.7,0.7,4,257.7,96.5,28.5,18.3,16.90608795
85,Wendell,Carter Jr.,Wendell Carter Jr.,6,10,6.833333333,F,255,22,ORL,Orlando,East,Southeast,Orlando Magic,Magic,33.4,5.5,10.8,0.509,1,3.3,0.303,4,4.9,0.816,2.2,7.2,9.4,3,0.4,0.8,3.6,2.3,16,257.7,96.5,28.5,18.3,18.48731248
402,Terrence,Ross,Terrence Ross,6,7,6.583333333,G-F,206,22,ORL,Orlando,East,Southeast,Orlando Magic,Magic,23.7,3.1,6.9,0.449,1.5,3.7,0.405,0.4,0.6,0.667,0.4,1.9,2.3,1.1,0.2,0.7,1.9,0.5,8.1,257.7,96.5,28.5,18.3,13.08840481
3104,Bol,Bol,Bol Bol,7,2,7.17,C,220,22,ORL,Orlando,East,Southeast,Orlando Magic,Magic,24.7,5.1,8.1,0.623,0.8,1.9,0.414,1.7,1.9,0.862,1.6,6.3,7.9,0.7,2,0.2,1.6,2.2,12.6,257.7,96.5,28.5,18.3,18.24785569
3105,Franz,Wagner,Franz Wagner,6,10,6.83,F,220,22,ORL,Orlando,East,Southeast,Orlando Magic,Magic,34.1,7.5,15.3,0.487,0.9,3.6,0.259,2.7,3.2,0.854,1.1,3.2,4.3,4.4,0.3,0.7,2.3,2.7,18.6,257.7,96.5,28.5,18.3,23.03594183
3106,Paolo,Banchero,Paolo Banchero,6,10,6.83,F,250,22,ORL,Orlando,East,Southeast,Orlando Magic,Magic,34.6,8.1,17.5,0.461,1,3.9,0.256,6.4,8.3,0.769,0.8,7.5,8.3,3.6,0.9,0.7,2.4,3,23.5,257.7,96.5,28.5,18.3,28.25247959
3107,Cole,Anthony,Cole Anthony,6,3,6.25,G,185,22,ORL,Orlando,East,Southeast,Orlando Magic,Magic,30.5,5.5,13.3,0.415,1.8,5,0.35,2.8,3.8,0.733,0.8,4,4.8,4.3,0.8,0.8,3.5,2,15.5,257.7,96.5,28.5,18.3,22.52230069
3219,RJ,Hampton,RJ Hampton,6,6,6.5,G,190,22,ORL,Orlando,East,Southeast,Orlando Magic,Magic,14.4,2.2,4.5,0.492,0.9,2,0.462,1.2,1.3,0.941,0.5,0.9,1.4,1.3,0.3,0.7,1.2,1,6.6,257.7,96.5,28.5,18.3,17.0666719
3220,Chuma,Okeke,Chuma Okeke,6,6,6.5,F,229,22,ORL,Orlando,East,Southeast,Orlando Magic,Magic,21.7,2,5.1,0.395,1.1,3.5,0.327,0.9,1.1,0.765,1.3,3.1,4.4,1.5,0.5,0.5,1.9,0.6,6,257.7,96.5,28.5,18.3,11.53424882
3221,Jalen ,Suggs,Jalen  Suggs,6,5,6.42,G,205,22,ORL,Orlando,East,Southeast,Orlando Magic,Magic,29.3,4.8,11.2,0.429,1.5,5,0.3,1.8,2.9,0.621,0.9,2.4,3.3,5.2,0.4,1.7,3.9,3.3,12.9,257.7,96.5,28.5,18.3,21.79258988
30,Harrison,Barnes,Harrison Barnes,6,8,6.666666667,F,225,26,SAC,Sacramento,West,Pacific,Sacramento Kings,Kings,33.25,3.5,9,0.389,0.63,3.38,0.185,3.5,4.38,0.8,1.13,4.5,5.63,2.13,0.13,0.5,1.38,1.13,11.13,241.85,87.42,22.94,14.55,15.65187363
123,Matthew,Dellavedova,Matthew Dellavedova,6,4,6.333333333,G,200,26,SAC,Sacramento,West,Pacific,Sacramento Kings,Kings,3.616666667,0.38,0.88,0.429,0.25,0.38,0.667,0,0,0,0.13,0.13,0.25,0.5,0,0.13,0.63,0.25,1,241.85,87.42,22.94,14.55,13.4859479
161,De'Aaron,Fox,De'Aaron Fox,6,3,6.25,G,175,26,SAC,Sacramento,West,Pacific,Sacramento Kings,Kings,27.86666667,8.88,16,0.555,1.75,4.75,0.368,3.5,4,0.875,0.63,4.5,5.13,4,0.5,0.75,2.88,3.38,23,241.85,87.42,22.94,14.55,32.74398086
217,Richaun,Holmes,Richaun Holmes,6,10,6.833333333,F-C,235,26,SAC,Sacramento,West,Pacific,Sacramento Kings,Kings,12.5,1.75,2.5,0.7,0,0,0,0.5,0.75,0.667,1,1.88,2.88,0,0.13,0.25,1.88,0.63,4,241.85,87.42,22.94,14.55,11.94751552
221,Kevin,Huerter,Kevin Huerter,6,7,6.583333333,G,190,26,SAC,Sacramento,West,Pacific,Sacramento Kings,Kings,31.86666667,5.88,11.75,0.5,4,7.75,0.516,1.88,2.63,0.714,0,2.63,2.63,3.63,0.25,0.5,2.25,1,17.63,241.85,87.42,22.94,14.55,18.83712329
273,Alex,Len,Alex Len,7,1,7.083333333,C,250,26,SAC,Sacramento,West,Pacific,Sacramento Kings,Kings,1,0,0.13,0,0,0,0,0.13,0.25,0.5,0,0.25,0.25,0,0,0,0.25,0,0.13,241.85,87.42,22.94,14.55,10.3591175
290,Trey,Lyles,Trey Lyles,6,10,6.833333333,F,234,26,SAC,Sacramento,West,Pacific,Sacramento Kings,Kings,12.61666667,1.75,4.38,0.4,1.25,3.25,0.385,0.5,0.88,0.571,0.38,2.25,2.63,0.88,0.5,0.5,1.13,0.88,5.25,241.85,87.42,22.94,14.55,19.31968572
314,Chimezie,Metu,Chimezie Metu,6,10,6.833333333,F,225,26,SAC,Sacramento,West,Pacific,Sacramento Kings,Kings,4.616666667,0.5,1.25,0.4,0,0.38,0,0.5,0.5,1,0,1.25,1.25,0.5,0.13,0.13,0.38,0,1.5,241.85,87.42,22.94,14.55,13.74359452
324,Malik,Monk,Malik Monk,6,3,6.25,G,200,26,SAC,Sacramento,West,Pacific,Sacramento Kings,Kings,19.86666667,3.75,9,0.417,2.13,5.88,0.362,0.88,1,0.875,0.5,1.63,2.13,4.38,0.38,0.5,1.5,1.63,10.5,241.85,87.42,22.94,14.55,24.0510551
406,Domantas,Sabonis,Domantas Sabonis,6,11,6.916666667,F,240,26,SAC,Sacramento,West,Pacific,Sacramento Kings,Kings,31.25,6,10.63,0.565,0.13,1.13,0.111,3.88,6.25,0.62,2.25,8.38,10.63,6.13,0.75,0.88,4.25,2.25,16,241.85,87.42,22.94,14.55,21.58840087
3184,Keegan,Murray,Keegan Murray,6,8,6.67,F,215,26,SAC,Sacramento,West,Pacific,Sacramento Kings,Kings,30.3,4.6,10.2,0.45,2.3,6,0.375,0.6,0.8,0.778,0.7,3,3.7,1.1,0.8,1,2.3,1.6,12,241.85,87.42,22.94,14.55,17.31078051
3185,Davion,Mitchell,Davion Mitchell,6,0,6,G,202,26,SAC,Sacramento,West,Pacific,Sacramento Kings,Kings,19.3,2.8,5.9,0.476,0.9,2.8,0.333,0.3,0.4,0.667,0.1,1.2,1.3,2,0.1,0.4,1.6,1.2,6.8,241.85,87.42,22.94,14.55,16.27222343
3186,Terrence,Davis,Terrence Davis,6,4,6.33,G,201,26,SAC,Sacramento,West,Pacific,Sacramento Kings,Kings,13.8,2.8,5.8,0.487,1.5,3.8,0.408,0.9,1.1,0.857,0.5,2.5,3,1.6,0.2,0.8,1.8,0.6,8.2,241.85,87.42,22.94,14.55,21.53145075
31,Will,Barton,Will Barton,6,6,6.5,G,190,30,WAS,Washington,East,Southeast,Washington Wizards,Wizards,23.76666667,3.33,8.11,0.411,1.56,3.67,0.424,0.89,1,0.889,0.22,2.44,2.67,2.33,0.22,0.78,1.44,1.22,9.11,243.65,87.05,23.17,13.47,18.09326817
37,Bradley,Beal,Bradley Beal,6,5,6.416666667,G,207,30,WAS,Washington,East,Southeast,Washington Wizards,Wizards,35.21666667,8.22,15.78,0.521,1.44,4.44,0.325,3.67,4,0.917,0.67,2.89,3.56,5.67,0.78,0.89,2,2.67,21.56,243.65,87.05,23.17,13.47,25.25857226
173,Taj,Gibson,Taj Gibson,6,9,6.75,F,232,30,WAS,Washington,East,Southeast,Washington Wizards,Wizards,2.1,0.44,0.89,0.5,0.11,0.33,0.333,0.44,0.44,1,0,0.44,0.44,0,0,0,0.22,0,1.44,243.65,87.05,23.17,13.47,22.71121837
265,Kyle,Kuzma,Kyle Kuzma,6,9,6.75,F,220,30,WAS,Washington,East,Southeast,Washington Wizards,Wizards,31.88333333,6.11,13.44,0.455,2,5.67,0.353,3.22,4.11,0.784,0.67,6.44,7.11,2.22,0.67,0.22,3.22,1.67,17.44,243.65,87.05,23.17,13.47,23.35534573
330,Monte,Morris,Monte Morris,6,3,6.25,G,175,30,WAS,Washington,East,Southeast,Washington Wizards,Wizards,27.1,3.11,7.67,0.406,0.89,2.78,0.32,1.22,1.67,0.733,0.33,3.56,3.89,5.56,0.22,0.78,1.11,1,8.33,243.65,87.05,23.17,13.47,15.27464076
378,Kristaps,Porzingis,Kristaps Porzingis,7,3,7.25,F-C,240,30,WAS,Washington,East,Southeast,Washington Wizards,Wizards,30.88333333,7.11,14,0.508,1.89,5,0.378,4.11,4.89,0.841,2.56,6.11,8.67,2.11,1.11,0.67,3.33,1.67,20.22,243.65,87.05,23.17,13.47,25.39880328
487,Delon,Wright,Delon Wright,6,5,6.416666667,G,183,30,WAS,Washington,East,Southeast,Washington Wizards,Wizards,10.1,1,2.56,0.391,0.22,1.22,0.182,0.33,0.56,0.6,0.44,0.67,1.11,1.44,0.44,1.22,0.56,0.44,2.56,243.65,87.05,23.17,13.47,14.14722913
3108,Deni,Avdija,Deni Avdija,6,9,6.75,F,210,30,WAS,Washington,East,Southeast,Washington Wizards,Wizards,23,2.5,6.5,0.388,0.9,2.6,0.333,1.3,1.6,0.792,0.8,3.7,4.5,1.9,0.7,0.6,3.1,1.4,7.2,243.65,87.05,23.17,13.47,16.46505923
3109,Corey,Kispert,Corey Kispert,6,6,6.5,F,224,30,WAS,Washington,East,Southeast,Washington Wizards,Wizards,22.4,2.9,5.3,0.541,1.1,2.9,0.4,1,1.1,0.875,0,1.9,1.9,1.7,0,0.7,1.1,0.9,7.9,243.65,87.05,23.17,13.47,13.13345996
3110,Rui,Hachimura,Rui Hachimura,6,8,6.67,F,230,30,WAS,Washington,East,Southeast,Washington Wizards,Wizards,23.1,4.7,9.8,0.476,0.7,2.2,0.333,1.4,1.9,0.724,0.7,3.9,4.6,0.9,0.5,0.3,1.1,1.4,11.5,243.65,87.05,23.17,13.47,22.93300315
3111,Daniel,Gafford,Daniel Gafford,6,9,6.75,C,234,30,WAS,Washington,East,Southeast,Washington Wizards,Wizards,14.1,2.2,3,0.733,0,0,0,1.2,1.9,0.621,1.3,2.4,3.7,0.5,1,0.3,1.7,1.1,5.6,243.65,87.05,23.17,13.47,15.40801774
32,Keita,Bates-Diop,Keita Bates-Diop,6,9,6.75,F,229,27,SAS,San Antonio,West,Southwest,San Antonio Spurs,Spurs,13.4,2.9,5.4,0.537,0.4,1.2,0.333,1.6,1.9,0.842,0.9,1.2,2.1,0.5,0,0.4,0.5,1.2,7.8,239.5,91.9,20.3,16.8,22.59667894
102,Zach,Collins,Zach Collins,7,0,7,F-C,235,27,SAS,San Antonio,West,Southwest,San Antonio Spurs,Spurs,15.8,3.1,5.9,0.525,0.7,1.8,0.389,0.6,0.9,0.667,1.2,3,4.2,2.5,1.1,0.7,2.7,1.7,7.5,239.5,91.9,20.3,16.8,20.60752004
129,Gorgui,Dieng,Gorgui Dieng,6,11,6.916666667,C,252,27,SAS,San Antonio,West,Southwest,San Antonio Spurs,Spurs,5.5,0.8,1.7,0.471,0.5,1.4,0.357,0,0,0,0.4,0.8,1.2,1.1,0.4,0.1,0.9,0.7,2.1,239.5,91.9,20.3,16.8,17.76881986
305,Doug,McDermott,Doug McDermott,6,8,6.666666667,F,225,27,SAS,San Antonio,West,Southwest,San Antonio Spurs,Spurs,20.5,3.7,8.4,0.44,2.2,5.1,0.431,0.6,0.9,0.667,0.3,1.8,2.1,1.5,0.2,0,1.6,1,10.2,239.5,91.9,20.3,16.8,19.45830237
373,Jakob,Poeltl,Jakob Poeltl,7,0,7,C,230,27,SAS,San Antonio,West,Southwest,San Antonio Spurs,Spurs,28.3,5.3,8.6,0.616,0,0,0,1.7,3.3,0.515,4,6,10,3.3,0.9,0.9,2,2.3,12.3,239.5,91.9,20.3,16.8,17.77300569
391,Josh,Richardson,Josh Richardson,6,6,6.5,G-F,200,27,SAS,San Antonio,West,Southwest,San Antonio Spurs,Spurs,20.6,3,7,0.429,1.8,4.3,0.419,1.5,1.8,0.833,0.1,1.9,2,3.1,0.1,0.6,2,1.5,9.3,239.5,91.9,20.3,16.8,18.36758309
3213,Tre ,Jones,Tre  Jones,6,1,6.08,G,185,27,SAS,San Antonio,West,Southwest,San Antonio Spurs,Spurs,29.9,4.3,10.5,0.414,0.9,2.3,0.412,2.2,2.4,0.917,0.6,2.9,3.5,6.7,0.2,1.5,2.1,1.9,11.8,239.5,91.9,20.3,16.8,18.32545736
3214,Devin,Vassell,Devin Vassell,6,5,6.42,G,200,27,SAS,San Antonio,West,Southwest,San Antonio Spurs,Spurs,31.8,7.6,16.2,0.469,3.2,7.5,0.422,2.1,2.8,0.758,0.1,3.8,3.8,3.3,0.5,0.8,1.3,1.6,20.4,239.5,91.9,20.3,16.8,24.37066284
3215,Keldon,Johnson,Keldon Johnson,6,5,6.42,F,220,27,SAS,San Antonio,West,Southwest,San Antonio Spurs,Spurs,32.9,7.6,16.9,0.451,3.7,8.8,0.423,3.7,4.8,0.776,0.6,4.4,4.9,3.6,0.1,1,1.5,2.9,22.7,239.5,91.9,20.3,16.8,27.12040393
3216,Jeremy,Sochan,Jeremy Sochan,6,8,6.67,F,220,27,SAS,San Antonio,West,Southwest,San Antonio Spurs,Spurs,24.5,3.3,6.9,0.485,0.4,2.3,0.171,0.6,0.9,0.692,1,3,4,1.9,0.5,0.8,2.6,1.3,7.7,239.5,91.9,20.3,16.8,14.2869773
3217,Romeo ,Langford,Romeo  Langford,6,5,6.42,G,215,27,SAS,San Antonio,West,Southwest,San Antonio Spurs,Spurs,16.3,1.9,4.4,0.419,0.1,1,0.143,0.4,0.6,0.75,1.4,0.6,2,0.4,0.3,0.4,1.4,0.7,4.3,239.5,91.9,20.3,16.8,13.40019743
33,Nicolas,Batum,Nicolas Batum,6,8,6.666666667,F-G,200,13,LAC,LA,West,Pacific,LA Clippers,Clippers,17.43333333,1.44,3.22,0.448,0.78,2.22,0.35,0.56,0.78,0.714,0.67,2.56,3.22,1.44,0.89,0.56,2.78,0.78,4.22,244.4666667,84.68,19.8,15.63,11.17287387
108,Robert,Covington,Robert Covington,6,9,6.75,F,225,13,LAC,LA,West,Pacific,LA Clippers,Clippers,9.666666667,0.89,2.11,0.421,0.44,1.44,0.308,0.67,0.67,1,0.11,2.44,2.56,0.78,0.56,0.33,1.33,0.33,2.89,244.4666667,84.68,19.8,15.63,12.68774173
172,Paul,George,Paul George,6,9,6.75,F,220,13,LAC,LA,West,Pacific,LA Clippers,Clippers,31.21666667,7.78,16.44,0.473,2.44,6.67,0.367,3.44,3.89,0.886,0.56,4.78,5.33,4.22,0.33,1.67,2.11,3.44,21.44,244.4666667,84.68,19.8,15.63,31.01942911
236,Reggie,Jackson,Reggie Jackson,6,3,6.25,G,208,13,LAC,LA,West,Pacific,LA Clippers,Clippers,29.76666667,3.78,10.44,0.362,1.11,4.33,0.256,1.33,1.44,0.923,0.33,2,2.33,4.22,0.11,0.67,1.11,1.67,10,244.4666667,84.68,19.8,15.63,19.19983201
254,Luke,Kennard,Luke Kennard,6,5,6.416666667,G,206,13,LAC,LA,West,Pacific,LA Clippers,Clippers,22.88333333,3.11,6.22,0.5,1.56,3.33,0.467,0.22,0.22,1,0.44,3.22,3.67,0.56,0,0.33,1.56,1.22,8,244.4666667,84.68,19.8,15.63,14.77077238
274,Kawhi,Leonard,Kawhi Leonard,6,7,6.583333333,F,230,13,LAC,LA,West,Pacific,LA Clippers,Clippers,4.666666667,0.89,2,0.444,0.11,0.67,0.167,0.89,1,0.889,0.44,1,1.44,0.44,0,0.33,0.56,0.44,2.78,244.4666667,84.68,19.8,15.63,27.67713987
328,Marcus,Morris,Marcus Morris,6,9,6.75,F,235,13,LAC,LA,West,Pacific,LA Clippers,Clippers,23.21666667,4.44,9,0.494,1.44,3.78,0.382,0.44,0.44,1,0.44,4.22,4.67,2,0.11,0.78,1.89,0.67,10.78,244.4666667,84.68,19.8,15.63,19.05333869
380,Norman,Powell,Norman Powell,6,4,6.333333333,F-G,215,13,LAC,LA,West,Pacific,LA Clippers,Clippers,25.43333333,4.11,10.11,0.407,1.11,4,0.278,1.56,2.33,0.667,0.56,2.89,3.44,1.33,0.33,0.56,1.44,2.44,10.89,244.4666667,84.68,19.8,15.63,23.93748147
467,John,Wall,John Wall,6,4,6.333333333,G,210,13,LAC,LA,West,Pacific,LA Clippers,Clippers,16.55,3.89,8.56,0.455,0.67,2.67,0.25,1.56,2.56,0.609,0.33,1.33,1.67,3.67,0.22,0.67,1.22,1.22,10,244.4666667,84.68,19.8,15.63,29.55418076
493,Ivica,Zubac,Ivica Zubac,7,1,7.083333333,C,240,13,LAC,LA,West,Pacific,LA Clippers,Clippers,29.43333333,4.22,6.78,0.623,0,0.11,0,1.56,2.67,0.583,2.44,9.11,11.56,1.44,2.78,0.33,3,2.22,10,244.4666667,84.68,19.8,15.63,15.50322086
3175,Moses ,Brown,Moses  Brown,7,2,7.17,C,245,13,LAC,Los Angeles,West,Pacific,Los Angeles Clippers,Clippers,4.1,1.3,1.7,0.8,0,0,0,0.4,0.8,0.571,0.7,1,1.7,0,0.4,0,0.6,0.1,3.1,244.4666667,84.68,19.8,15.63,23.53931995
3176,Terrance ,Mann,Terrance  Mann,6,5,6.42,G,215,13,LAC,Los Angeles,West,Pacific,Los Angeles Clippers,Clippers,17.9,2.7,4.6,0.581,0.3,1.5,0.208,0.8,1.2,0.684,0.6,2.4,2.9,1.4,0.3,0.4,1.7,0.8,6.5,244.4666667,84.68,19.8,15.63,14.85219579
3177,Brandon,Boston Jr.,Brandon Boston Jr.,6,6,6.5,G,188,13,LAC,Los Angeles,West,Pacific,Los Angeles Clippers,Clippers,3.2,1,2,0.5,0.4,0.6,0.667,0.2,0.4,0.5,0.2,0.2,0.4,0,0,0,0.2,0,2.6,244.4666667,84.68,19.8,15.63,30.49610782
3178,Amir,Coffey,Amir Coffey,6,7,6.58,G,210,13,LAC,Los Angeles,West,Pacific,Los Angeles Clippers,Clippers,9,0.5,1.5,0.316,0.1,0.3,0.25,1.2,1.4,0.833,0.2,0.5,0.7,0.6,0.1,0.2,0.9,0.3,2.2,244.4666667,84.68,19.8,15.63,12.03898635
38,Malik,Beasley,Malik Beasley,6,5,6.416666667,G,195,29,UTA,Utah,West,Northwest,Utah Jazz,Jazz,24.4,3.9,9.9,0.394,2.2,5.7,0.386,0.7,0.8,0.875,0.8,2.2,3,1.1,0.2,1.1,0.7,0.5,10.7,232.9,88.7,20.5,14.5,18.29062936
100,Jordan,Clarkson,Jordan Clarkson,6,5,6.416666667,G,194,29,UTA,Utah,West,Northwest,Utah Jazz,Jazz,30.9,6.4,15.3,0.418,2.9,8,0.363,1.7,2.4,0.708,1.4,3.4,4.8,5.3,0.6,0.4,2.3,2.3,17.4,232.9,88.7,20.5,14.5,25.06047356
104,Mike,Conley,Mike Conley,6,1,6.083333333,G,175,29,UTA,Utah,West,Northwest,Utah Jazz,Jazz,27.6,3.5,8.7,0.402,2.1,5.1,0.412,1.6,2.1,0.762,0.4,1.5,1.9,6.7,0.4,1.1,1.6,1.5,10.7,232.9,88.7,20.5,14.5,16.72942899
171,Rudy,Gay,Rudy Gay,6,8,6.666666667,F,230,29,UTA,Utah,West,Northwest,Utah Jazz,Jazz,10.7,1.2,3.3,0.364,0.5,1.7,0.294,0.2,0.4,0.5,0.4,1.8,2.2,0.9,0.4,0.3,1.1,0.6,3.1,232.9,88.7,20.5,14.5,15.81173829
297,Lauri,Markkanen,Lauri Markkanen,7,0,7,F,240,29,UTA,Utah,West,Northwest,Utah Jazz,Jazz,33.8,8.4,16.3,0.515,2,6.7,0.299,3.4,4,0.85,2.2,7.1,9.3,2.7,0.9,0.7,1.8,1.8,22.2,232.9,88.7,20.5,14.5,24.38887477
358,Kelly,Olynyk,Kelly Olynyk,7,0,7,F,240,29,UTA,Utah,West,Northwest,Utah Jazz,Jazz,27.1,4.6,8.2,0.561,1.9,3.2,0.594,1.6,2.4,0.667,1.4,2.7,4.1,3.4,0.6,1.5,4.6,2.5,12.7,232.9,88.7,20.5,14.5,18.00609372
413,Collin,Sexton,Collin Sexton,6,2,6.166666667,G,190,29,UTA,Utah,West,Northwest,Utah Jazz,Jazz,21.8,4.6,9.7,0.474,1.3,3.3,0.394,3.1,3.7,0.838,1.2,1.7,2.9,1.9,0.1,0.8,2.4,1.7,13.6,232.9,88.7,20.5,14.5,24.80564226
457,Jarred,Vanderbilt,Jarred Vanderbilt,6,9,6.75,F,214,29,UTA,Utah,West,Northwest,Utah Jazz,Jazz,25.3,3.7,6.6,0.561,0.6,1.1,0.545,1,1.5,0.667,2.2,6,8.2,3.1,0.5,1.5,4,1.9,9,232.9,88.7,20.5,14.5,15.02810332
3169,Talen,Horton-Tucker,Talen Horton-Tucker,6,4,6.33,G,234,29,UTA,Utah,West,Northwest,Utah Jazz,Jazz,16.4,2.9,7.2,40,0.8,2.9,0.255,1.4,1.8,0.821,0.6,2.1,2.7,2.6,0.3,0.8,1.4,1,7.9,232.9,88.7,20.5,14.5,22.75839705
3170,Walker ,Kessler,Walker  Kessler,7,1,7.08,C,245,29,UTA,Utah,West,Northwest,Utah Jazz,Jazz,14.9,2.5,3.5,0.696,0,0,0,0.7,1.4,0.5,2.3,3.1,5.4,0.7,1.6,0.2,1.8,0.7,5.6,232.9,88.7,20.5,14.5,13.41619709
75,Reggie,Bullock,Reggie Bullock,6,7,6.583333333,G-F,205,7,DAL,Dallas,West,Southwest,Dallas Mavericks,Mavericks,31.5,2,5.88,0.34,1.63,4.75,0.342,0.38,0.63,0.6,0.63,2.38,3,1,0.25,1.13,3,0.88,6,246.0833333,82.18,29.65,12.73,10.1848527
130,Spencer,Dinwiddie,Spencer Dinwiddie,6,6,6.5,G,210,7,DAL,Dallas,West,Southwest,Dallas Mavericks,Mavericks,32.75,6.63,13.75,0.482,2.75,6.5,0.423,1.25,1.75,0.714,0.13,2.5,2.63,4.25,0,1.38,2.75,1.63,17.25,246.0833333,82.18,29.65,12.73,22.48156986
132,Luka,Doncic,Luka Doncic,6,7,6.583333333,F-G,218,7,DAL,Dallas,West,Southwest,Dallas Mavericks,Mavericks,36.5,12.38,23.5,0.527,2.13,8.13,0.262,9.13,11.63,0.785,1.13,7.63,8.75,8.63,0.5,1.88,3.25,3.38,36,246.0833333,82.18,29.65,12.73,39.96543307
158,Dorian,Finney-Smith,Dorian Finney-Smith,6,8,6.666666667,F,220,7,DAL,Dallas,West,Southwest,Dallas Mavericks,Mavericks,32.61666667,3.13,7.13,0.439,1.38,4.5,0.306,0.25,0.63,0.4,1.63,2.63,4.25,0.63,0.63,0.88,2.5,0.88,7.88,246.0833333,82.18,29.65,12.73,11.58333607
191,Tim,Hardaway Jr.,Tim Hardaway Jr.,6,6,6.5,G,205,7,DAL,Dallas,West,Southwest,Dallas Mavericks,Mavericks,21.25,2.75,9,0.306,1.75,5.38,0.326,2.88,3,0.958,0,1.5,1.5,1.63,0.25,0.5,1.5,1,10.13,246.0833333,82.18,29.65,12.73,24.28582741
257,Maxi,Kleber,Maxi Kleber,6,11,6.916666667,F,240,7,DAL,Dallas,West,Southwest,Dallas Mavericks,Mavericks,25.5,1.5,3.88,0.387,0.75,2.5,0.3,1.13,1.5,0.75,0.88,3.25,4.13,0.88,0.88,0.5,1.63,1,4.88,246.0833333,82.18,29.65,12.73,9.904555644
306,JaVale,McGee,JaVale McGee,7,0,7,C,270,7,DAL,Dallas,West,Southwest,Dallas Mavericks,Mavericks,9,1.63,2.88,0.565,0,0,0,1,1.63,0.615,0.88,1.75,2.63,0.25,0.5,0.38,0.88,0.88,4.25,246.0833333,82.18,29.65,12.73,22.67928703
370,Theo,Pinson,Theo Pinson,6,6,6.5,G-F,218,7,DAL,Dallas,West,Southwest,Dallas Mavericks,Mavericks,3.3,0.3,0.3,1,0,0,0,0.5,0.5,1,0,0.8,0.8,0.3,0,0,0.3,0,1,246.0833333,82.18,29.65,12.73,7.18380964
379,Dwight,Powell,Dwight Powell,6,11,6.916666667,F-C,240,7,DAL,Dallas,West,Southwest,Dallas Mavericks,Mavericks,10.36666667,1.75,2.63,0.667,0,0.13,0,1.13,1.5,0.75,0.63,1,1.63,0.25,0.38,0.13,1.13,0.13,4.63,246.0833333,82.18,29.65,12.73,15.04015748
486,Christian,Wood,Christian Wood,6,10,6.833333333,F,214,7,DAL,Dallas,West,Southwest,Dallas Mavericks,Mavericks,25,6,10.13,0.593,1.5,3.13,0.48,3.25,4.88,0.667,1.38,6.63,8,0.75,0.63,0.25,2.5,2.25,16.75,246.0833333,82.18,29.65,12.73,26.49154693
3187,Josh,Green,Josh Green,6,5,6.42,G,200,7,DAL,Dallas,West,Southwest,Dallas Mavericks,Mavericks,18.3,1.8,3.1,0.581,0.8,1.7,0.458,1.3,2,0.643,1,1.4,2.4,0.8,0.1,1.1,2,0.7,5.6,246.0833333,82.18,29.65,12.73,11.65896974
45,Patrick,Beverley,Patrick Beverley,6,1,6.083333333,G,185,14,LAL,Los Angeles,West,Pacific,Los Angeles Lakers,Lakers,27.86666667,1.25,4.13,0.303,0.63,2.75,0.227,1.5,1.5,1,1,3,4,2.63,0.5,1.13,2.88,1,4.63,238.8666667,88.67,23.89,13.85,8.781712413
68,Troy,Brown Jr.,Troy Brown Jr.,6,7,6.583333333,F,215,14,LAL,Los Angeles,West,Pacific,Los Angeles Lakers,Lakers,19.61666667,2.63,6.25,0.42,0.88,2.88,0.304,1,1,1,0.75,3.63,4.38,0.75,0,0.5,1.63,0.88,7.13,238.8666667,88.67,23.89,13.85,16.31008921
117,Anthony,Davis,Anthony Davis,6,10,6.833333333,F-C,253,14,LAL,Los Angeles,West,Pacific,Los Angeles Lakers,Lakers,31,8.25,15.75,0.524,0.38,1.63,0.231,3.25,4,0.813,2.75,6.88,9.63,2,2,1.5,2.38,1.13,20.13,238.8666667,88.67,23.89,13.85,25.41381615
166,Wenyen,Gabriel,Wenyen Gabriel,6,9,6.75,F,205,14,LAL,Los Angeles,West,Pacific,Los Angeles Lakers,Lakers,8.5,1.13,2,0.563,0,0.38,0,0.63,1,0.625,0.63,1.5,2.13,0.5,0.25,0.5,1.25,0.38,2.88,238.8666667,88.67,23.89,13.85,14.02219015
237,LeBron,James,LeBron James,6,8,6.666666667,F,250,14,LAL,Los Angeles,West,Pacific,Los Angeles Lakers,Lakers,36.36666667,9.38,21.63,0.434,1.5,7.25,0.207,3.75,5.13,0.732,1.75,7.38,9.13,7.5,0.88,1.13,2.25,3.75,24,238.8666667,88.67,23.89,13.85,32.12005018
248,Damian,Jones,Damian Jones,7,0,7,C,245,14,LAL,Los Angeles,West,Pacific,Los Angeles Lakers,Lakers,6.5,0.63,1.63,0.385,0,0.13,0,0.38,0.75,0.5,0.75,1.13,1.88,0.38,0.38,0,0.88,0.38,1.63,238.8666667,88.67,23.89,13.85,15.21556804
464,Lonnie,Walker IV,Lonnie Walker IV,6,5,6.416666667,G,205,14,LAL,Los Angeles,West,Pacific,Los Angeles Lakers,Lakers,32,6,13.5,0.444,1.75,5.5,0.318,2.5,3.13,0.8,0.63,2.38,3,2.13,0.88,1.13,1.88,1.25,16.25,238.8666667,88.67,23.89,13.85,21.30073861
472,Russell,Westbrook,Russell Westbrook,6,3,6.25,G,200,14,LAL,Los Angeles,West,Pacific,Los Angeles Lakers,Lakers,25.61666667,4.75,11.38,0.418,1,3.63,0.276,3,3.88,0.774,0.88,4.88,5.75,4.88,0.25,1.13,1.88,2.88,13.5,238.8666667,88.67,23.89,13.85,26.34461266
3179,Austin,Reaves,Austin Reaves,6,5,6.42,G,197,14,LAL,Los Angeles,West,Pacific,Los Angeles Lakers,Lakers,26.9,2.6,5.5,0.479,1,2.8,0.361,2.2,2.5,0.879,0.7,2.5,3.2,1.6,0.3,0.5,1.2,1.1,8.5,238.8666667,88.67,23.89,13.85,12.09829346
3180,Juan,Toscano-Anderson,Juan Toscano-Anderson,6,6,6.5,F,209,14,LAL,Los Angeles,West,Pacific,Los Angeles Lakers,Lakers,12.3,1,2.5,0.4,0.2,1.1,0.182,0.4,0.5,0.8,0.1,2,2.1,0.5,0.3,0.3,1.7,0.8,2.6,238.8666667,88.67,23.89,13.85,12.09548317
3181,Matt ,Ryan,Matt  Ryan,6,7,6.58,F,215,14,LAL,Los Angeles,West,Pacific,Los Angeles Lakers,Lakers,12.2,1.5,4.4,0.341,1.3,3.1,0.419,0.4,0.5,0.8,0.2,1.1,1.3,0.3,0,0.2,1.4,0.3,4.7,238.8666667,88.67,23.89,13.85,17.04476201
83,Clint,Capela,Clint Capela,6,10,6.833333333,C,240,1,ATL,Atlanta,East,Southeast,Atlanta Hawks,Hawks,27.21666667,4.44,7.67,0.58,0,0,0,0.89,1.67,0.533,3.44,6.56,10,0.78,1.78,0.89,1.78,0.89,9.78,218.6166667,85.21,19.07,11.37,14.22492128
101,John,Collins,John Collins,6,10,6.833333333,F-C,235,1,ATL,Atlanta,East,Southeast,Atlanta Hawks,Hawks,33,5.11,9.78,0.523,0.78,3,0.259,1.78,2,0.889,1.89,7.78,9.67,1,1.67,0.89,3.56,1.67,12.78,218.6166667,85.21,19.07,11.37,15.56302064
213,Aaron,Holiday,Aaron Holiday,6,1,6.083333333,G,185,1,ATL,Atlanta,East,Southeast,Atlanta Hawks,Hawks,19.1,2.11,4.44,0.475,0.78,1.22,0.636,0.67,0.78,0.857,0.56,0.78,1.33,1.67,0.33,0.78,1.33,0.89,5.67,218.6166667,85.21,19.07,11.37,12.37198782
215,Justin,Holiday,Justin Holiday,6,6,6.5,F-G,181,1,ATL,Atlanta,East,Southeast,Atlanta Hawks,Hawks,19.1,2.22,6.11,0.364,1.22,4.22,0.289,0,0,0,0,0.78,0.78,1.56,0.33,0.44,2.11,0.22,5.67,218.6166667,85.21,19.07,11.37,13.80432259
252,Frank,Kaminsky,Frank Kaminsky,7,0,7,F-C,242,1,ATL,Atlanta,East,Southeast,Atlanta Hawks,Hawks,1.1,0,0.11,0,0,0.11,0,0.44,0.44,1,0,0.33,0.33,0.22,0,0,0.22,0.11,0.44,218.6166667,85.21,19.07,11.37,15.66147284
334,Dejounte,Murray,Dejounte Murray,6,5,6.416666667,G,170,1,ATL,Atlanta,East,Southeast,Atlanta Hawks,Hawks,37,8.78,19.22,0.457,2.22,6.11,0.364,2.22,2.56,0.87,0.67,5.67,6.33,8.11,0.56,2.56,1.78,2.56,22,218.6166667,85.21,19.07,11.37,25.78694375
490,Trae,Young,Trae Young,6,2,6.166666667,G,180,1,ATL,Atlanta,East,Southeast,Atlanta Hawks,Hawks,35.1,8.67,22.78,0.38,2.44,8,0.306,8.44,9.22,0.916,0.89,2.44,3.33,9.44,0.22,0.67,1.78,3.33,28.22,218.6166667,85.21,19.07,11.37,35.79866937
3093,Onyeka,Okongwu,Onyeka Okongwu,6,8,6.67,F,240,1,ATL,Atlanta,East,Southeast,Atlanta Hawks,Hawks,19.8,3.5,5.4,0.653,0,0.1,0,0.7,1.1,0.667,2.1,3.8,5.9,1.1,0.8,0.6,3.2,0.6,7.7,218.6166667,85.21,19.07,11.37,13.64025762
3094,AJ,Griffin,AJ Griffin,6,6,6.5,F,222,1,ATL,Atlanta,East,Southeast,Atlanta Hawks,Hawks,13.4,2.7,5.6,0.484,1.1,2.7,0.4,0.3,0.3,1,0.7,1,1.7,0.6,0,0.6,0.9,0.6,6.8,218.6166667,85.21,19.07,11.37,19.6825274
3218,Jalen,Johnson,Jalen Johnson,6,8,6.67,F,219,1,ATL,Atlanta,East,Southeast,Atlanta Hawks,Hawks,13.8,1.8,4.1,0.435,0.2,1.4,0.143,0.7,1,0.667,0.5,2.7,3.2,0.7,0.3,0.7,1.4,0.5,4.5,218.6166667,85.21,19.07,11.37,15.21234642
65,Malcolm,Brogdon,Malcolm Brogdon,6,5,6.416666667,G,229,2,BOS,Boston,East,Atlantic,Boston Celtics,Celtics,24.21666667,5.22,10.56,0.495,1.22,3.22,0.379,3.22,3.56,0.906,0.67,2.67,3.33,3.78,0.11,0.67,1.56,1.89,14.89,252.4166667,87.59,23.77,13.02,26.30740812
70,Jaylen,Brown,Jaylen Brown,6,7,6.583333333,G,220,2,BOS,Boston,East,Atlantic,Boston Celtics,Celtics,37.1,9.11,20,0.456,2.67,7.56,0.353,4.44,5.22,0.851,1.11,5.33,6.44,2.89,0.67,0.89,3,2.78,25.33,252.4166667,87.59,23.77,13.02,30.72233001
189,Blake,Griffin,Blake Griffin,6,10,6.833333333,F,250,2,BOS,Boston,East,Atlantic,Boston Celtics,Celtics,5.433333333,0.56,1.33,0.417,0.22,0.56,0.4,0.56,0.67,0.833,0.56,0.78,1.33,0.56,0,0.22,1,0.44,1.89,252.4166667,87.59,23.77,13.02,17.27299252
219,Al,Horford,Al Horford,6,10,6.833333333,C-F,245,2,BOS,Boston,East,Atlantic,Boston Celtics,Celtics,24.33333333,2.67,5.78,0.462,1.33,3.78,0.353,0.33,0.44,0.75,0.89,3.78,4.67,1.67,0.56,0.11,1.89,0.78,7,252.4166667,87.59,23.77,13.02,12.61507023
235,Justin,Jackson,Justin Jackson,6,8,6.666666667,F,210,2,BOS,Boston,East,Atlantic,Boston Celtics,Celtics,1.1,0.22,0.44,0.5,0.22,0.33,0.667,0,0,0,0,0,0,0,0,0,0.11,0,0.67,252.4166667,87.59,23.77,13.02,18.1809233
261,Luke,Kornet,Luke Kornet,7,1,7.083333333,F-C,250,2,BOS,Boston,East,Atlantic,Boston Celtics,Celtics,8.1,0.56,1.11,0.5,0.11,0.33,0.333,0.33,0.44,0.75,0.67,1.11,1.78,0.89,0.56,0.22,0.78,0.44,1.56,252.4166667,87.59,23.77,13.02,9.784030203
420,Marcus,Smart,Marcus Smart,6,4,6.333333333,G,220,2,BOS,Boston,East,Atlantic,Boston Celtics,Celtics,33.66666667,3.67,9.56,0.384,1.56,5.56,0.28,2,2.22,0.9,0.22,2.89,3.11,6,0.22,1,3,1.67,10.89,252.4166667,87.59,23.77,13.02,16.48001692
434,Jayson,Tatum,Jayson Tatum,6,8,6.666666667,F,208,2,BOS,Boston,East,Atlantic,Boston Celtics,Celtics,37.55,9.78,19.56,0.5,3.44,9,0.383,7.33,8.11,0.904,0.89,7.11,8,4.22,1.44,0.89,1.89,2.78,30.33,252.4166667,87.59,23.77,13.02,31.36076119
459,Noah,Vonleh,Noah Vonleh,6,9,6.75,F,250,2,BOS,Boston,East,Atlantic,Boston Celtics,Celtics,9.883333333,1.11,1.89,0.588,0.11,0.11,1,0,0,0,1.33,1.56,2.89,0.11,0.67,0.22,2.11,0.67,2.33,252.4166667,87.59,23.77,13.02,11.77314426
473,Derrick,White,Derrick White,6,4,6.333333333,G,190,2,BOS,Boston,East,Atlantic,Boston Celtics,Celtics,26.43333333,3,6.56,0.458,1.44,3.44,0.419,0.89,1.11,0.8,0.56,2.78,3.33,2.78,0.78,0.56,3.11,0.67,8.33,252.4166667,87.59,23.77,13.02,13.27184474
3136,Grant,Williams,Grant Williams,6,6,6.5,F,236,2,BOS,Boston,East,Atlantic,Boston Celtics,Celtics,28.2,3.4,5.7,0.588,1.8,3.6,0.5,1.4,1.7,0.833,0.7,4,4.7,1.7,0.6,0.6,2.7,0.8,9.9,252.4166667,87.59,23.77,13.02,11.68221029
3137,Sam,Hauser,Sam Hauser,6,7,6.58,F,217,2,BOS,Boston,East,Atlantic,Boston Celtics,Celtics,16.4,2.7,5.1,0.532,2.2,4.5,0.485,0.2,0.3,0.75,0.3,1.9,2.2,0.5,0.3,0.3,1.3,0.1,7.9,252.4166667,87.59,23.77,13.02,14.77754314
69,Bruce,Brown,Bruce Brown,6,5,6.416666667,G,202,8,DEN,Denver,West,Northwest,Denver Nuggets,Nuggets,27.1,4.33,8.89,0.487,1.56,3.67,0.424,0.67,1,0.667,1.11,2.11,3.22,4,0.33,0.67,1.89,1.11,10.89,224.6,84.79,20.8,14.79,15.91525418
81,Kentavious,Caldwell-Pope,Kentavious Caldwell-Pope,6,5,6.416666667,G,205,8,DEN,Denver,West,Northwest,Denver Nuggets,Nuggets,27.76666667,3.56,7.33,0.485,2.33,4.33,0.538,0.67,1,0.667,0.33,2.78,3.11,2.67,0.44,1.22,2.11,1,10.11,224.6,84.79,20.8,14.79,13.04842873
177,Aaron,Gordon,Aaron Gordon,6,9,6.75,F,220,8,DEN,Denver,West,Northwest,Denver Nuggets,Nuggets,28.43333333,6,10.67,0.563,0.89,3.11,0.286,1.67,3,0.556,2.22,4,6.22,2,1.11,0.22,1.22,1.11,14.56,224.6,84.79,20.8,14.79,19.03381704
188,Jeff,Green,Jeff Green,6,9,6.75,F,235,8,DEN,Denver,West,Northwest,Denver Nuggets,Nuggets,20.33333333,3.11,6.22,0.5,0.56,1.56,0.357,1.89,2.56,0.739,1,2.33,3.33,1.22,0,0.67,2,1,8.67,224.6,84.79,20.8,14.79,16.95793574
246,Nikola,Jokic,Nikola Jokic,7,0,7,C,250,8,DEN,Denver,West,Northwest,Denver Nuggets,Nuggets,32.55,7.33,11.78,0.623,0.56,2.22,0.25,5.11,5.78,0.885,1.67,9.11,10.78,9.22,0.44,1.33,2.67,3.56,20.33,224.6,84.79,20.8,14.79,22.69742616
250,DeAndre,Jordan,DeAndre Jordan,6,11,6.916666667,C,265,8,DEN,Denver,West,Northwest,Denver Nuggets,Nuggets,10.1,2,2.44,0.818,0.11,0.11,1,0.56,1.33,0.417,1.22,3.33,4.56,0.44,0.44,0.11,1.56,0.89,4.67,224.6,84.79,20.8,14.79,16.01455773
335,Jamal,Murray,Jamal Murray,6,4,6.333333333,G,207,8,DEN,Denver,West,Northwest,Denver Nuggets,Nuggets,24.1,5.33,12.33,0.432,1.67,4.33,0.385,1,1.44,0.692,0.22,2.22,2.44,3.33,0,0.78,0.44,1.78,13.33,224.6,84.79,20.8,14.79,25.27370246
375,Michael,Porter Jr.,Michael Porter Jr.,6,10,6.833333333,F,210,8,DEN,Denver,West,Northwest,Denver Nuggets,Nuggets,25.88333333,5.33,11.22,0.475,3.22,6.56,0.492,1.33,1.67,0.8,1.56,5.11,6.67,1,0.22,0.56,3.11,1.22,15.22,224.6,84.79,20.8,14.79,21.02839842
390,Davon,Reed,Davon Reed,6,5,6.416666667,G,208,8,DEN,Denver,West,Northwest,Denver Nuggets,Nuggets,4.883333333,0.33,1.22,0.273,0.22,0.56,0.4,0.11,0.22,0.5,0,0.44,0.44,0.11,0,0.33,0.56,0.78,1,224.6,84.79,20.8,14.79,17.73874984
422,Ish,Smith,Ish Smith,6,0,6,G,175,8,DEN,Denver,West,Northwest,Denver Nuggets,Nuggets,2.55,0.22,0.89,0.25,0,0.11,0,0,0,0,0,0.22,0.22,0.22,0.11,0,0.44,0.44,0.44,224.6,84.79,20.8,14.79,21.54734829
3152,Bones,Hyland,Bones Hyland,6,2,6.17,G,169,8,DEN,Denver,West,Northwest,Denver Nuggets,Nuggets,20.9,4.7,11.8,0.398,3.1,6.2,0.5,2.2,2.8,0.786,0.1,2.1,2.2,3.5,0.3,0.6,2,1.9,14.7,224.6,84.79,20.8,14.79,29.51576652
114,Seth,Curry,Seth Curry,6,2,6.166666667,G,185,3,BKN,Brooklyn,East,Atlantic,Brooklyn Nets,Nets,3.2,0.1,0.9,0.111,0.1,0.7,0.143,0,0,0,0,0.2,0.2,0.6,0.1,0.1,0.3,0.1,0.3,237.6,84.1,24.8,12.7,13.78676471
140,Kevin,Durant,Kevin Durant,6,9,6.75,F,240,3,BKN,Brooklyn,East,Atlantic,Brooklyn Nets,Nets,37.2,10.5,20.3,0.517,1.7,5.1,0.333,8.8,9.3,0.946,0.4,5.8,6.2,4.8,2,0.8,2.3,3.5,31.5,237.6,84.1,24.8,12.7,33.07874763
197,Joe,Harris,Joe Harris,6,6,6.5,F-G,218,3,BKN,Brooklyn,East,Atlantic,Brooklyn Nets,Nets,19.1,2,5.3,0.377,1.2,3.8,0.316,0.1,0.3,0.333,0.8,1.9,2.7,1.6,0.3,0.4,1.9,0.3,5.3,237.6,84.1,24.8,12.7,13.23991377
228,Kyrie,Irving,Kyrie Irving,6,3,6.25,G,193,3,BKN,Brooklyn,East,Atlantic,Brooklyn Nets,Nets,31,7.8,17.2,0.453,2.1,7.5,0.28,3.8,4.1,0.927,0.6,3.5,4.1,4.1,0.9,1.2,2.4,1.9,21.5,237.6,84.1,24.8,12.7,29.74952562
319,Patty,Mills,Patty Mills,6,0,6,G,180,3,BKN,Brooklyn,East,Atlantic,Brooklyn Nets,Nets,13.9,2.1,4.4,0.477,1.6,3.5,0.457,1,1,1,0.2,0.5,0.7,0.9,0.1,0.2,0.7,0.3,6.8,237.6,84.1,24.8,12.7,16.31400762
329,Markieff,Morris,Markieff Morris,6,9,6.75,F,245,3,BKN,Brooklyn,East,Atlantic,Brooklyn Nets,Nets,5.2,0.5,1.6,0.313,0.5,1.2,0.417,0,0,0,0.1,1.1,1.2,0.4,0.1,0.2,0.8,0.4,1.5,237.6,84.1,24.8,12.7,16.96832579
351,Royce,O'Neale,Royce O'Neale,6,6,6.5,F,226,3,BKN,Brooklyn,East,Atlantic,Brooklyn Nets,Nets,36.3,3.8,9.6,0.396,2.4,5.9,0.407,0.5,0.6,0.833,0.9,3.3,4.2,3.8,0.7,1.2,3.5,0.9,10.5,237.6,84.1,24.8,12.7,13.08215848
417,Ben,Simmons,Ben Simmons,6,10,6.833333333,G-F,230,3,BKN,Brooklyn,East,Atlantic,Brooklyn Nets,Nets,19.1,1.5,3.4,0.441,0,0.1,0,0.7,1.5,0.467,0.6,3.3,3.9,4.3,0.4,0.7,2.6,1.6,3.7,237.6,84.1,24.8,12.7,13.07360641
432,Edmond,Sumner,Edmond Sumner,6,6,6.5,G,176,3,BKN,Brooklyn,East,Atlantic,Brooklyn Nets,Nets,12,1.4,3.8,0.368,0.3,1.3,0.231,1.7,1.7,1,0.2,1.1,1.3,1.2,0.2,0.5,0.7,1,4.8,237.6,84.1,24.8,12.7,20.39705882
470,Yuta,Watanabe,Yuta Watanabe,6,9,6.75,G,205,3,BKN,Brooklyn,East,Atlantic,Brooklyn Nets,Nets,15.4,2.1,3.4,0.618,1.1,1.9,0.579,0,0.2,0,0.5,1.9,2.4,0.5,0.6,0.3,1,0.3,5.3,237.6,84.1,24.8,12.7,10.85179526
3138,Nic,Claxton,Nic Claxton,6,11,6.92,C,215,3,BKN,Brooklyn,East,Atlantic,Brooklyn Nets,Nets,26.8,5.3,7.4,0.712,0,0.1,0,1,2.6,0.381,2.6,5.7,8.3,1.3,1.8,0.8,2.8,1.4,11.5,237.6,84.1,24.8,12.7,16.36962248
3139,Cam,Thomas,Cam Thomas,6,3,6.25,G,210,3,BKN,Brooklyn,East,Atlantic,Brooklyn Nets,Nets,18.4,2.6,6.8,0.387,0.5,1.5,0.353,2.9,3.5,0.842,0.1,1.5,1.6,2.1,0.2,0.7,0.9,1,8.7,237.6,84.1,24.8,12.7,22.39450128
115,Stephen,Curry,Stephen Curry,6,3,6.25,G,190,10,GSW,Golden State,West,Pacific,Golden State Warriors,Warriors,31.3,9.1,18.7,0.487,4.6,11.1,0.414,5.1,5.4,0.944,0.8,5.5,6.3,6.1,0.1,1.1,1.9,2.6,27.9,234.5,87.3,18,15,32.18669834
131,Donte,DiVincenzo,Donte DiVincenzo,6,4,6.333333333,G,203,10,GSW,Golden State,West,Pacific,Golden State Warriors,Warriors,4.3,0.5,1.1,0.455,0.2,0.6,0.333,0.3,0.4,0.75,0,0.2,0.2,0.3,0,0.1,0.4,0.6,1.5,234.5,87.3,18,15,18.56422462
185,Draymond,Green,Draymond Green,6,7,6.583333333,F,230,10,GSW,Golden State,West,Pacific,Golden State Warriors,Warriors,26.2,3.5,5.7,0.614,0.3,1,0.3,0.7,1.2,0.583,0.7,4.6,5.3,5,0.6,1,3.4,2.2,8,234.5,87.3,18,15,13.68786369
187,JaMychal,Green,JaMychal Green,6,9,6.75,F,227,10,GSW,Golden State,West,Pacific,Golden State Warriors,Warriors,17.1,1.9,4.4,0.432,0.4,1.7,0.235,0.4,0.5,0.8,2.1,2.7,4.8,0.6,0.6,0.9,2.1,1,4.6,234.5,87.3,18,15,13.98468348
282,Kevon,Looney,Kevon Looney,6,9,6.75,F,220,10,GSW,Golden State,West,Pacific,Golden State Warriors,Warriors,23.7,3,4.6,0.652,0,0,0,0.8,1.3,0.615,2.1,3.9,6,3.2,0.2,0.3,3.1,0.2,6.8,234.5,87.3,18,15,9.644952519
443,Klay,Thompson,Klay Thompson,6,7,6.583333333,G,215,10,GSW,Golden State,West,Pacific,Golden State Warriors,Warriors,21.5,4.4,12.1,0.364,2.5,7.6,0.329,0.7,0.8,0.875,0.2,2.1,2.3,2,0.2,0.3,1.2,1.2,12,234.5,87.3,18,15,27.01906124
475,Andrew,Wiggins,Andrew Wiggins,6,8,6.666666667,F-G,194,10,GSW,Golden State,West,Pacific,Golden State Warriors,Warriors,30,6,12.9,0.465,2.1,5.4,0.389,1.6,2.2,0.727,1.6,3.5,5.1,2.6,1.1,1.1,2.7,0.8,15.7,234.5,87.3,18,15,20.80472993
3171,Jordan,Poole,Jordan Poole,6,4,6.33,G,194,10,GSW,Golden State,West,Pacific,Golden State Warriors,Warriors,28.5,5.4,12.7,0.426,2.3,6.7,0.337,3,3.6,0.833,0.3,1.5,1.8,4.5,0.2,1.1,2.3,2.9,16.1,234.5,87.3,18,15,25.65617091
3172,Moses ,Moody,Moses  Moody,6,6,6.5,G,205,10,GSW,Golden State,West,Pacific,Golden State Warriors,Warriors,16.8,2,4.9,0.406,1.1,3.1,0.35,1,1.2,0.813,0.4,1.7,2.1,0.7,0.4,0.5,1,1.2,6.1,234.5,87.3,18,15,16.78748563
3173,Anthony,Lamb,Anthony Lamb,6,6,6.5,G,227,10,GSW,Golden State,West,Pacific,Golden State Warriors,Warriors,21,3.4,5.9,0.585,1.9,3.7,0.5,0,0,0,0.9,2.9,3.7,1.6,0,0.9,2.3,1.1,8.7,234.5,87.3,18,15,14.1837537
3174,Jonathan,Kuminga,Jonathan Kuminga,6,8,6.67,F,210,10,GSW,Golden State,West,Pacific,Golden State Warriors,Warriors,14.1,1.8,4.3,0.426,0.4,1.4,0.267,1.2,1.4,0.867,0.5,1.3,1.8,0.7,0.3,0.3,1.8,1.2,5.2,234.5,87.3,18,15,18.45698674
145,Joel,Embiid,Joel Embiid,7,0,7,F-C,250,23,PHI,Philadelphia,East,Atlantic,Philadelphia 76ers,76ers,20.7,5.8,10.9,0.532,0.6,2,0.3,4.1,5.2,0.788,0.8,4.9,5.7,2,0.7,0.3,1.9,2.2,16.3,245.7,83.9,20.9,12.3,34.65954487
192,James,Harden,James Harden,6,5,6.416666667,G,220,23,PHI,Philadelphia,East,Atlantic,Philadelphia 76ers,76ers,33.1,6.3,14.3,0.441,2,6,0.333,5.2,5.6,0.929,0.5,5.8,6.3,9,0.6,1,1.8,2.6,19.8,245.7,83.9,20.9,12.3,27.27583807
194,Montrezl,Harrell,Montrezl Harrell,6,8,6.666666667,F-C,240,23,PHI,Philadelphia,East,Atlantic,Philadelphia 76ers,76ers,12.2,1.3,2.5,0.52,0,0,0,1.4,2,0.7,0.5,1.5,2,0.5,0.5,0.3,1.2,0.3,4,245.7,83.9,20.9,12.3,14.06368114
200,Tobias,Harris,Tobias Harris,6,9,6.75,F,235,23,PHI,Philadelphia,East,Atlantic,Philadelphia 76ers,76ers,33,5.5,11.1,0.495,2.5,5.6,0.446,0.9,1.4,0.643,1.3,5.2,6.5,2.7,0.8,1.4,2.2,0.8,14.4,245.7,83.9,20.9,12.3,17.68327244
260,Furkan,Korkmaz,Furkan Korkmaz,6,7,6.583333333,G-F,190,23,PHI,Philadelphia,East,Atlantic,Philadelphia 76ers,76ers,1.6,0.1,0.4,0.25,0.1,0.3,0.333,0,0,0,0.1,0.2,0.3,0.2,0,0,0,0.2,0.3,245.7,83.9,20.9,12.3,17.48406012
313,De'Anthony,Melton,De'Anthony Melton,6,4,6.333333333,G,200,23,PHI,Philadelphia,East,Atlantic,Philadelphia 76ers,76ers,21.1,3.5,7.8,0.449,1.4,3.8,0.368,0.4,0.5,0.8,0.6,2.2,2.8,2.7,0.3,1.8,1.3,0.6,8.8,245.7,83.9,20.9,12.3,19.04740578
320,Shake,Milton,Shake Milton,6,6,6.5,G,207,23,PHI,Philadelphia,East,Atlantic,Philadelphia 76ers,76ers,6.3,0.9,2.2,0.409,0.1,0.5,0.2,0,0,0,0.3,0.7,1,0.8,0.1,0,1,0.7,1.9,245.7,83.9,20.9,12.3,21.46191506
344,Georges,Niang,Georges Niang,6,8,6.666666667,F,230,23,PHI,Philadelphia,East,Atlantic,Philadelphia 76ers,76ers,16.8,2.8,5.9,0.475,2,4.4,0.455,0.2,0.2,1,0.2,1.7,1.9,0.5,0.2,0.1,1.9,0.6,7.8,245.7,83.9,20.9,12.3,18.28333144
450,PJ,Tucker,PJ Tucker,6,6,6.5,F,245,23,PHI,Philadelphia,East,Atlantic,Philadelphia 76ers,76ers,28.3,2.3,4.2,0.548,1,2.2,0.455,0.3,0.4,0.75,1.5,2.8,4.3,0.7,0.5,0.5,2.9,1.1,5.9,245.7,83.9,20.9,12.3,9.021692645
2175,Danuel,House Jr.,Danuel House Jr.,6,7,6.583333333,F,220,23,PHI,Philadelphia,East,Atlantic,Philadelphia 76ers,76ers,14.8,1,2.7,0.37,0.5,1.6,0.313,0.8,1.1,0.727,0.4,1.4,1.8,0.9,0.1,0.3,1.2,0.6,3.3,245.7,83.9,20.9,12.3,11.92066369
3145,Tyrese,Maxey,Tyrese Maxey,6,2,6.17,G,200,23,PHI,Philadelphia,East,Atlantic,Philadelphia 76ers,76ers,37.5,8.4,18.6,0.448,2.9,7,0.408,3.2,4.3,0.75,0.4,3,3.4,4.4,0.2,1.1,2.5,2.1,22.8,245.7,83.9,20.9,12.3,28.08888079
3146,Paul,Reed,Paul Reed,6,9,6.75,F,210,23,PHI,Philadelphia,East,Atlantic,Philadelphia 76ers,76ers,7.2,0.3,1.2,0.231,0,0.2,0,0,0,0,0.5,1.2,1.6,0.1,0.5,1,1.8,0.3,0.5,245.7,83.9,20.9,12.3,9.713366731
3147,Matisse,Thybulle,Matisse Thybulle,6,5,6.42,G,201,23,PHI,Philadelphia,East,Atlantic,Philadelphia 76ers,76ers,13.1,0.6,2.1,0.296,0.2,1.2,0.188,0.1,0.2,0.333,0.3,1.2,1.5,0.6,0.4,1,1.3,0.2,1.5,245.7,83.9,20.9,12.3,8.499121742
147,Drew,Eubanks,Drew Eubanks,6,10,6.833333333,F,245,25,POR,Portland,West,Northwest,Portland Trail Blazers,Trail Blazers,14.55,2,3,0.667,0,0,0,1.22,1.67,0.733,1.22,1.44,2.67,0.67,0.56,0.22,1.78,0.78,5.22,238.2833333,79.42,26.24,15.69,13.86486107
182,Jerami,Grant,Jerami Grant,6,9,6.75,F,220,25,POR,Portland,West,Northwest,Portland Trail Blazers,Trail Blazers,34.66666667,5.56,12,0.463,1.67,4.22,0.395,5.11,6.78,0.754,0.56,3.44,4,2.67,0.78,0.44,1.78,2.22,17.89,238.2833333,79.42,26.24,15.69,22.17364821
202,Josh,Hart,Josh Hart,6,5,6.416666667,G,215,25,POR,Portland,West,Northwest,Portland Trail Blazers,Trail Blazers,36,3.11,6.78,0.459,0.56,1.33,0.417,2,2.56,0.783,1.89,6.67,8.56,4.67,0.22,1.11,2.44,1.78,8.78,238.2833333,79.42,26.24,15.69,12.02264152
278,Damian,Lillard,Damian Lillard,6,3,6.25,G,195,25,POR,Portland,West,Northwest,Portland Trail Blazers,Trail Blazers,19.43333333,5.33,10.78,0.495,2.22,5.67,0.392,4.33,4.67,0.929,0.67,2,2.67,2.56,0.22,0.44,0.78,2.11,17.22,238.2833333,79.42,26.24,15.69,34.36234601
349,Jusuf,Nurkic,Jusuf Nurkic,7,0,7,C,275,25,POR,Portland,West,Northwest,Portland Trail Blazers,Trail Blazers,29.55,5.22,10.56,0.495,0.67,1.11,0.6,2.89,3.33,0.867,3.33,7.89,11.22,2.44,0.89,0.78,3.11,2.56,14,238.2833333,79.42,26.24,15.69,22.05438252
419,Anfernee,Simons,Anfernee Simons,6,4,6.333333333,G,185,25,POR,Portland,West,Northwest,Portland Trail Blazers,Trail Blazers,28.66666667,6.11,14,0.437,2.89,7.78,0.371,2,2.22,0.9,0.33,1.89,2.22,3,0.22,0.67,2.11,2.22,17.11,238.2833333,79.42,26.24,15.69,26.80466866
485,Justise,Winslow,Justise Winslow,6,7,6.583333333,F,225,25,POR,Portland,West,Northwest,Portland Trail Blazers,Trail Blazers,22.21666667,2.56,7,0.365,0.44,1.44,0.308,0.78,1.11,0.7,1.67,2.89,4.56,3.22,0.56,1.44,2.11,1.22,6.33,238.2833333,79.42,26.24,15.69,17.51456959
3166,Nassir,Little,Nassir Little,6,5,6.42,F,220,25,POR,Portland,West,Northwest,Portland Trail Blazers,Trail Blazers,15,2.3,4.6,0.493,0.9,2.1,0.406,0.7,1.1,0.688,0.3,2.3,2.5,0.9,0.2,0.3,0.7,0.7,6.1,238.2833333,79.42,26.24,15.69,17.22967258
3167,Shaedon,Sharpe,Shaedon Sharpe,6,6,6.5,G,200,25,POR,Portland,West,Northwest,Portland Trail Blazers,Trail Blazers,21,4,7.2,0.554,1.3,2.5,0.514,0.8,1.1,0.733,0.8,1.7,2.5,0.4,0.3,0.3,2,0.8,10.1,238.2833333,79.42,26.24,15.69,18.05183538
3168,Trendon,Watford,Trendon Watford,6,8,6.67,F,237,25,POR,Portland,West,Northwest,Portland Trail Blazers,Trail Blazers,17.2,1.7,3.5,0.476,0,0.7,0,1.5,1.7,0.9,0.5,2.5,3,2.3,0,1,2.5,1.3,4.8,238.2833333,79.42,26.24,15.69,14.4127882
175,Shai,Gilgeous-Alexander,Shai Gilgeous-Alexander,6,6,6.5,G,181,21,OKC,Oklahoma City,West,Northwest,Oklahoma City Thunder,Thunder,31.43333333,10.11,18.89,0.535,0.78,2.56,0.304,6.11,6.33,0.965,0.78,3,3.78,5.33,1,2,2.11,2.89,27.11,248.65,96.84,19.25,14.16,32.53040437
337,Mike,Muscala,Mike Muscala,6,11,6.916666667,F-C,240,21,OKC,Oklahoma City,West,Northwest,Oklahoma City Thunder,Thunder,12.1,2.11,4.67,0.452,0.67,2.67,0.25,1.22,1.56,0.786,0.67,3.56,4.22,0.56,0.22,0,1.33,0.44,6.11,248.65,96.84,19.25,14.16,19.94034064
480,Kenrich,Williams,Kenrich Williams,6,7,6.583333333,G-F,210,21,OKC,Oklahoma City,West,Northwest,Oklahoma City Thunder,Thunder,18.21666667,2.22,4.78,0.465,0.56,1.78,0.313,0.22,0.56,0.4,1.67,2.11,3.78,1.33,0.22,0.56,1.78,0.33,5.22,248.65,96.84,19.25,14.16,12.23950024
3158,Josh,Giddey,Josh Giddey,6,8,6.67,G,205,21,OKC,Oklahoma City,West,Northwest,Oklahoma City Thunder,Thunder,29.5,6.3,13.7,0.457,1.1,3.4,0.317,0.9,1.3,0.733,1.3,5.9,7.2,5.3,0.5,0.4,2.3,3.5,14.5,248.65,96.84,19.25,14.16,25.07690208
3159,Jalen,Williams,Jalen Williams,6,6,6.5,F,195,21,OKC,Oklahoma City,West,Northwest,Oklahoma City Thunder,Thunder,23.3,3.7,7.1,0.526,0.6,2.3,0.28,0.5,0.5,0.833,0.5,2.2,2.7,2.7,0.4,0.8,2.5,1.5,8.5,248.65,96.84,19.25,14.16,15.75695373
3160,Lugentz,Dort,Lugentz Dort,6,4,6.33,F,215,21,OKC,Oklahoma City,West,Northwest,Oklahoma City Thunder,Thunder,30.8,5,12.5,0.399,1.6,5.7,0.282,2.6,3.5,0.75,1.4,2.8,4.2,2.3,0.3,1.3,3.3,1.1,14.2,248.65,96.84,19.25,14.16,20.46137214
3161,Aleksej,Pokusevski,Aleksej Pokusevski,7,0,7,F,190,21,OKC,Oklahoma City,West,Northwest,Oklahoma City Thunder,Thunder,23.6,3.9,8.3,0.472,1.4,3.5,0.391,0.5,1,0.538,1.6,3.9,5.5,1.7,1.8,0.8,1.8,1.6,9.8,248.65,96.84,19.25,14.16,18.23761869
3162,Tre,Mann,Tre Mann,6,3,6.25,G,178,21,OKC,Oklahoma City,West,Northwest,Oklahoma City Thunder,Thunder,24.1,4.2,10.5,0.401,1.8,5.5,0.333,0.8,1.2,0.625,0.8,2.3,3.1,2.2,0.1,0.9,1.8,1,11.1,248.65,96.84,19.25,14.16,20.77475795
3163,Aaron,Wiggins,Aaron Wiggins,6,5,6.42,G,190,21,OKC,Oklahoma City,West,Northwest,Oklahoma City Thunder,Thunder,21.3,2.2,4.8,0.448,0.7,1.8,0.381,0.9,1.2,0.786,0.8,3.1,3.9,1.8,0.3,0.5,1.8,0.8,5.9,248.65,96.84,19.25,14.16,11.97564046
3164,Darius,Bazley,Darius Bazley,6,9,6.75,F,208,21,OKC,Oklahoma City,West,Northwest,Oklahoma City Thunder,Thunder,16.7,2.5,5.8,0.422,0.6,1.6,0.389,0.5,1,0.455,1.6,3.1,4.7,1.5,1.3,0.8,1.5,0.5,6,248.65,96.84,19.25,14.16,16.79975781
3165,Jeremiah,Robinson-Earl,Jeremiah Robinson-Earl,6,8,6.67,F,242,21,OKC,Oklahoma City,West,Northwest,Oklahoma City Thunder,Thunder,17.6,3,5.8,0.519,1.3,2.9,0.439,0.7,1.1,0.667,1.1,2.9,4,0.7,0.3,0.8,1.9,0.5,8,248.65,96.84,19.25,14.16,16.04474307
178,Eric,Gordon,Eric Gordon,6,4,6.333333333,G,215,11,HOU,Houston,West,Southwest,Houston Rockets,Rockets,24.9,3.5,7.8,0.449,1.4,4,0.35,1.4,1.8,0.778,0.2,1.5,1.7,2.6,0.4,0.7,0.7,1.7,9.8,253.3,93.7,26.3,18,16.98639323
296,Boban,Marjanovic,Boban Marjanovic,7,3,7.25,C,290,11,HOU,Houston,West,Southwest,Houston Rockets,Rockets,1.2,0.1,0.3,0.333,0,0,0,0.3,0.5,0.6,0.1,0.3,0.4,0.1,0,0.1,0.1,0.1,0.5,253.3,93.7,26.3,18,21.23299154
3188,Kevin,Porter Jr.,Kevin Porter Jr.,6,4,6.33,G,203,11,HOU,Houston,West,Southwest,Houston Rockets,Rockets,34.9,6.5,15.9,0.41,1.8,5.3,0.338,4.2,5.7,0.733,1.5,4.7,6.1,5.8,0.5,1.3,2.9,4,19.1,253.3,93.7,26.3,18,26.38629491
3189,Jalen,Green,Jalen Green,6,4,6.33,G,186,11,HOU,Houston,West,Southwest,Houston Rockets,Rockets,34.5,7.7,17.9,0.428,2.9,7.7,0.371,3.5,4.3,0.8,0.6,3.7,4.3,3.3,0.3,0.7,1.5,2.9,21.7,253.3,93.7,26.3,18,27.03052141
3190,Jabari,Smith Jr.,Jabari Smith Jr.,6,11,6.92,F,220,11,HOU,Houston,West,Southwest,Houston Rockets,Rockets,29.6,3.3,10.4,0.315,1.7,5.6,0.304,1.8,2.1,0.833,1.4,5.4,6.9,0.8,1.1,0.4,3.6,1.1,10.1,253.3,93.7,26.3,18,17.24926026
3191,Alperen,Sengun,Alperen Sengun,6,11,6.92,C,243,11,HOU,Houston,West,Southwest,Houston Rockets,Rockets,26.5,5.8,10.2,0.568,0.2,1.2,0.2,4.2,5.3,0.783,3.5,5,8.5,1.8,1.2,0.6,3.4,2.2,15.9,253.3,93.7,26.3,18,22.84633705
3192,Garrison,Matthews,Garrison Matthews,6,6,6.5,G,215,11,HOU,Houston,West,Southwest,Houston Rockets,Rockets,11.8,1.1,3.2,0.333,1.1,3.2,0.341,0.6,0.6,1,0.1,0.8,0.8,0.4,0.1,0.3,1.2,0.4,3.8,253.3,93.7,26.3,18,13.45723554
3193,Jae'Sean,Tate,Jae'Sean Tate,6,5,6.42,F,230,11,HOU,Houston,West,Southwest,Houston Rockets,Rockets,22.7,3.3,6.7,0.5,0.7,1.7,0.4,1,1.3,0.75,2.7,1.7,4.3,3.3,0,1,5,1.7,8.3,253.3,93.7,26.3,18,16.24292171
3194,Kenyon,Martin Jr.,Kenyon Martin Jr.,6,7,6.58,F,215,11,HOU,Houston,West,Southwest,Houston Rockets,Rockets,25.1,4.2,7.9,0.529,1.1,3.3,0.34,1.4,2.1,0.677,1.2,3.5,4.7,1.5,0.7,0.4,2,1.2,10.9,253.3,93.7,26.3,18,16.41224834
3195,Usman,Garuba,Usman Garuba,6,8,6.667,F,229,11,HOU,Houston,West,Southwest,Houston Rockets,Rockets,15.8,1.8,2.8,0.622,0.5,0.5,0.857,0.5,1,0.462,2.2,3.5,5.7,1.3,0.8,0.8,1.9,1.1,4.5,253.3,93.7,26.3,18,11.28842588
3196,Josh,Christopher,Josh Christopher,6,4,6.33,G,215,11,HOU,Houston,West,Southwest,Houston Rockets,Rockets,8.2,1.3,3.4,0.378,0.3,1.3,0.214,0.1,0.2,0.5,0.4,1.1,1.5,0.6,0,0.3,0.9,0.7,2.9,253.3,93.7,26.3,18,20.98908778
3197,Tari,Eason,Tari Eason,6,8,6.67,F,215,11,HOU,Houston,West,Southwest,Houston Rockets,Rockets,18.1,3.2,7.2,0.444,0.8,1.9,0.414,1.1,1.4,0.81,2.1,2.9,4.9,1.1,0.5,1.5,2.3,0.9,8.3,253.3,93.7,26.3,18,19.78970817
180,Devonte',Graham,Devonte' Graham,6,2,6.166666667,G,185,19,NOP,New Orleans,West,Southwest,New Orleans Pelicans,Pelicans,17.55,1.56,4.11,0.378,1.33,3.22,0.414,0.56,0.89,0.625,0.11,1.22,1.33,2.56,0.11,0.44,1.11,0.67,5,271.0833333,99.52,27.2,14.1,12.72132871
207,Willy,Hernangomez,Willy Hernangomez,6,11,6.916666667,C,240,19,NOP,New Orleans,West,Southwest,New Orleans Pelicans,Pelicans,1.55,0.11,0.56,0.2,0,0.11,0,0.22,0.22,1,0.44,0.56,1,0.11,0,0,0.22,0.11,0.44,271.0833333,99.52,27.2,14.1,21.35674561
227,Brandon,Ingram,Brandon Ingram,6,9,6.75,F,190,19,NOP,New Orleans,West,Southwest,New Orleans Pelicans,Pelicans,17,4.11,8.67,0.474,1,2,0.5,2.78,3.56,0.781,0.11,2.89,3,2.67,0.56,0.44,1,1.67,12,271.0833333,99.52,27.2,14.1,30.23543463
303,CJ,McCollum,CJ McCollum,6,3,6.25,G,190,19,NOP,New Orleans,West,Southwest,New Orleans Pelicans,Pelicans,35.88333333,8.67,20.33,0.426,2.22,6.89,0.323,2,2.33,0.857,0.89,4.44,5.33,6.22,0.44,1.33,2.11,1.78,21.56,271.0833333,99.52,27.2,14.1,27.83332863
340,Larry,Nance Jr.,Larry Nance Jr.,6,9,6.75,F,230,19,NOP,New Orleans,West,Southwest,New Orleans Pelicans,Pelicans,23.66666667,4.56,6.89,0.661,0.22,0.56,0.4,0.33,0.56,0.6,1.44,4,5.44,2.44,0.67,1.11,2.22,1.11,9.67,271.0833333,99.52,27.2,14.1,15.04222122
436,Garrett,Temple,Garrett Temple,6,6,6.5,G-F,195,19,NOP,New Orleans,West,Southwest,New Orleans Pelicans,Pelicans,2.333333333,0.22,0.44,0.5,0.22,0.44,0.5,0,0,0,0,0.11,0.11,0.11,0,0.11,0.22,0,0.67,271.0833333,99.52,27.2,14.1,8.140677681
455,Jonas,Valanciunas,Jonas Valanciunas,7,0,7,C,265,19,NOP,New Orleans,West,Southwest,New Orleans Pelicans,Pelicans,25,5.11,10.22,0.5,0.44,1.33,0.333,3.78,4.44,0.85,3.78,6.89,10.67,2.22,0.44,0.56,2.11,1.56,14.44,271.0833333,99.52,27.2,14.1,23.71532354
3206,Herbert,Jones,Herbert Jones,6,7,6.58,F,206,19,NOP,New Orleans,West,Southwest,New Orleans Pelicans,Pelicans,29.4,3.6,7.7,0.471,0.5,2.1,0.261,2.5,3.4,0.757,1.5,2.1,3.5,2.1,0.5,1,3.7,0.9,10.4,271.0833333,99.52,27.2,14.1,14.82472617
3207,Zion,Williamson,Zion Williamson,6,6,6.5,F,284,19,NOP,New Orleans,West,Southwest,New Orleans Pelicans,Pelicans,32.2,9,15.9,0.566,0.3,0.5,0.5,5.3,7.4,0.716,2.1,4.3,6.4,3.9,0.3,1.1,2.7,2.7,23.5,271.0833333,99.52,27.2,14.1,29.30214944
3208,Jose ,Alvarado,Jose  Alvarado,6,0,6,G,179,19,NOP,New Orleans,West,Southwest,New Orleans Pelicans,Pelicans,19.1,3.3,6.6,0.495,1.3,3.3,0.4,0.5,0.7,0.7,0.4,1.7,2.1,2.9,0.2,0.8,2.1,1.3,8.3,271.0833333,99.52,27.2,14.1,18.55191087
3209,Trey ,Murphy III,Trey  Murphy III,6,8,6.67,G,206,19,NOP,New Orleans,West,Southwest,New Orleans Pelicans,Pelicans,28.1,4.1,8.5,0.488,2.4,5.5,0.434,1.4,1.5,0.955,1.2,3.5,4.7,1.3,0.5,1.1,1.7,0.7,12.1,271.0833333,99.52,27.2,14.1,15.14799885
3210,Naji,Marshall,Naji Marshall,6,7,6.58,F,220,19,NOP,New Orleans,West,Southwest,New Orleans Pelicans,Pelicans,20,2.4,5.9,0.409,0.7,2.2,0.333,0.9,1.3,0.737,0.9,2.2,3.1,1.5,0.2,0.6,1.3,1,6.5,271.0833333,99.52,27.2,14.1,16.1284093
3211,Jaxon,Hayes,Jaxon Hayes,6,11,6.92,C,220,19,NOP,New Orleans,West,Southwest,New Orleans Pelicans,Pelicans,7.4,0.2,1,0.2,0,0.4,0,0,0,0,0.2,0.8,1,0.6,0.2,0.2,1,0.2,0.4,271.0833333,99.52,27.2,14.1,7.000582772
3212,Dyson,Daniels,Dyson Daniels,6,6,6.5,G,199,19,NOP,New Orleans,West,Southwest,New Orleans Pelicans,Pelicans,11.9,1.4,2.7,0.526,0.6,1.1,0.5,0.6,0.9,0.667,0.7,2.7,3.4,1.3,0.6,0.6,1.4,0.4,4,271.0833333,99.52,27.2,14.1,12.68262441
204,Gordon,Hayward,Gordon Hayward,6,8,6.666666667,F,225,4,CHA,Charlotte,East,Southeast,Charlotte Hornets,Hornets,24.7,5,10.6,0.472,1,2.8,0.357,2.9,3.7,0.784,0.4,3,3.4,3.3,0.2,0.6,0.6,2.2,13.9,243.9,97.9,22.2,16.3,22.98483453
360,Kelly,Oubre Jr.,Kelly Oubre Jr.,6,7,6.583333333,F,205,4,CHA,Charlotte,East,Southeast,Charlotte Hornets,Hornets,29.2,6.3,15.1,0.417,2.7,7.3,0.37,2.1,3.2,0.656,0.8,3.5,4.3,1.2,0.3,1.3,3,1.1,17.4,243.9,97.9,22.2,16.3,23.72790415
371,Mason,Plumlee,Mason Plumlee,6,11,6.916666667,F-C,235,4,CHA,Charlotte,East,Southeast,Charlotte Hornets,Hornets,24.7,3.2,5.4,0.593,0,0,0,1.9,3.5,0.543,2.5,5.6,8.1,4,0.6,0.4,3.4,1.7,8.3,243.9,97.9,22.2,16.3,13.76413712
403,Terry,Rozier,Terry Rozier,6,1,6.083333333,G,190,4,CHA,Charlotte,East,Southeast,Charlotte Hornets,Hornets,10.2,2.6,6.7,0.388,1.2,2.9,0.414,0.8,0.9,0.889,0.5,1.6,2.1,2,0.3,0.1,0.3,1,7.2,243.9,97.9,22.2,16.3,31.23219654
421,Dennis,Smith Jr.,Dennis Smith Jr.,6,3,6.25,G,195,4,CHA,Charlotte,East,Southeast,Charlotte Hornets,Hornets,28.4,4.5,9.2,0.489,0.9,2.1,0.429,0.5,0.9,0.556,0.6,3.2,3.8,5.8,0.5,2.1,2.1,1.8,10.4,243.9,97.9,22.2,16.3,15.78942453
3095,Lamelo,Ball,Lamelo Ball,6,7,6.58,G,180,4,CHA,Charlotte,East,Southeast,Charlotte Hornets,Hornets,32.7,7.3,17.7,0.415,3.3,10.7,0.313,1.3,1.7,0.8,0,3.7,3.7,7,0.3,1,2.7,3.7,19.3,243.9,97.9,22.2,16.3,26.6513347
3096,PJ ,Washington,PJ  Washington,6,7,6.58,F,230,4,CHA,Charlotte,East,Southeast,Charlotte Hornets,Hornets,31.8,5.6,13.2,0.427,1.8,5.3,0.333,2.1,2.7,0.791,1.2,3.3,4.5,1.9,1,0.6,2.8,1.7,15.1,243.9,97.9,22.2,16.3,19.90706062
3097,James,Bouknight,James Bouknight,6,4,6.33,F,190,4,CHA,Charlotte,East,Southeast,Charlotte Hornets,Hornets,17.3,2.1,6.3,0.337,0.8,3.3,0.226,0.6,1,0.625,0.3,1.9,2.2,1.4,0.3,0.4,1.5,0.9,5.6,243.9,97.9,22.2,16.3,17.37718628
3098,Jalen ,McDaniels,Jalen  McDaniels,6,9,6.75,F,205,4,CHA,Charlotte,East,Southeast,Charlotte Hornets,Hornets,25.9,3.5,8.1,0.431,1.3,3.3,0.385,1.2,1.4,0.826,1.1,3.8,4.9,2.4,0.7,1.2,2.8,1.4,9.4,243.9,97.9,22.2,16.3,15.36884596
3099,Nick,Richards,Nick Richards,7,0,7,C,245,4,CHA,Charlotte,East,Southeast,Charlotte Hornets,Hornets,19,3.6,5.6,0.64,0,0,0,2.4,3.2,0.745,2.9,2.9,5.8,0.8,0.8,0.1,2.1,0.8,9.5,243.9,97.9,22.2,16.3,16.1703122
210,Buddy,Hield,Buddy Hield,6,4,6.333333333,G,214,12,IND,Indiana,East,Central,Indiana Pacers,Pacers,31.1,6.78,14.22,0.477,4.11,9.67,0.425,0.89,1,0.889,1.22,4.56,5.78,3.67,0.22,0.78,2,2.11,18.56,230.0333333,87.33,22.74,15.75,21.93744956
242,James,Johnson,James Johnson,6,8,6.666666667,F,240,12,IND,Indiana,East,Central,Indiana Pacers,Pacers,4.883333333,0.56,1.33,0.417,0.11,0.56,0.2,0,0,0,0,0.78,0.78,0.44,0.22,0.11,1.11,0,1.22,230.0333333,87.33,22.74,15.75,11.08022891
304,T.J.,McConnell,T.J. McConnell,6,2,6.166666667,G,190,12,IND,Indiana,East,Central,Indiana Pacers,Pacers,13.76666667,1.56,4.56,0.341,0,0.22,0,0,0,0,0.44,1.44,1.89,2.56,0.22,1.22,0.78,1.22,3.11,230.0333333,87.33,22.74,15.75,17.08096895
452,Myles,Turner,Myles Turner,6,11,6.916666667,C-F,250,12,IND,Indiana,East,Central,Indiana Pacers,Pacers,11.88333333,1.89,4.22,0.447,0.44,1.44,0.308,1.89,2.44,0.773,0.56,2.56,3.11,0.78,1.56,0.11,1.44,1.22,6.11,230.0333333,87.33,22.74,15.75,22.29955863
3127,Tyrese,Haliburton,Tyrese Haliburton,6,5,6.42,G,185,12,IND,Indiana,East,Central,Indiana Pacers,Pacers,34,7.4,15,0.492,3,7.1,0.424,2.8,3.3,0.86,1,3.5,4.5,10.4,0.2,1.9,1.3,3,20.6,230.0333333,87.33,22.74,15.75,23.27548855
3128,Bennedict,Mathurin,Bennedict Mathurin,6,6,6.5,G,210,12,IND,Indiana,East,Central,Indiana Pacers,Pacers,27.6,6.2,13.3,0.462,2.7,5.9,0.455,4.9,5.9,0.831,1.3,2.5,3.8,2.1,0.1,0.4,2.2,2.3,19.9,230.0333333,87.33,22.74,15.75,26.82132989
3129,Chris,Duarte,Chris Duarte,6,5,6.42,G,190,12,IND,Indiana,East,Central,Indiana Pacers,Pacers,19.7,3.1,7.9,0.394,1.4,4.2,0.342,1.2,1.3,0.917,0.4,1.7,2.1,1,0.4,0.1,1.8,0.9,8.9,230.0333333,87.33,22.74,15.75,19.35439122
3130,Jalen,Smith,Jalen Smith,6,9,6.75,F,215,12,IND,Indiana,East,Central,Indiana Pacers,Pacers,24,4.2,9.5,0.435,1.2,4.1,0.302,1.5,2.2,0.679,1.8,5.8,7.5,1.1,0.8,0.2,2.2,1.5,11,230.0333333,87.33,22.74,15.75,20.28727894
3131,Oshae,Brissett,Oshae Brissett,6,7,6.58,F,210,12,IND,Indiana,East,Central,Indiana Pacers,Pacers,10.9,0.9,2.4,0.368,0.4,1.5,0.25,0.6,0.8,0.833,0.6,1,1.6,0.4,0,0.3,0.5,0.5,2.8,230.0333333,87.33,22.74,15.75,12.13773079
3132,Isaiah,Jackson,Isaiah Jackson,6,9,6.75,F,205,12,IND,Indiana,East,Central,Indiana Pacers,Pacers,18.3,3.2,5.2,0.618,0,0.1,0,1.9,2.8,0.676,1.5,3.5,5.1,1.2,1.4,0.5,2.6,1.2,8.4,230.0333333,87.33,22.74,15.75,16.96683099
3133,Aaron,Nesmith,Aaron Nesmith,6,5,6.42,F,215,12,IND,Indiana,East,Central,Indiana Pacers,Pacers,20.8,2.4,6.3,0.386,1,3.4,0.29,1,1.2,0.818,0.3,2.8,3.1,1.6,0.8,0.3,2.6,1,6.9,230.0333333,87.33,22.74,15.75,15.31090789
3134,Goga,Bitadze,Goga Bitadze,6,11,6.92,C,250,12,IND,Indiana,East,Central,Indiana Pacers,Pacers,13.1,1.8,3.4,0.519,0.1,0.9,0.143,0.9,1.8,0.5,1.6,1.8,3.4,1.5,0.5,0.5,2.3,0.8,4.5,230.0333333,87.33,22.74,15.75,15.50303554
